escala,W_usada,variable,n,I,E_I,var_I,z,p_normal,p_perm,nsim,error
sede,W_sede_knn5,punt_global_z_periodo_media,1132,0.29983960567916673,-8.841732979664014e-4,3.0572088485766034e-4,17.19907998685834,1.3489048649595856e-66,0.001,999,NA
sede,W_sede_knn5,punt_matematicas_z_periodo_media,1132,0.26089381659029093,-8.841732979664014e-4,3.0565661216583724e-4,14.973255349679711,5.490591730934296e-51,0.001,999,NA
sede,W_sede_knn5,punt_lectura_critica_z_periodo_media,1132,0.2916060851147413,-8.841732979664014e-4,3.057756872045414e-4,16.72668702102937,4.188508417108373e-63,0.001,999,NA
sede,W_sede_knn5,punt_c_naturales_z_periodo_media,1132,0.28115647900087753,-8.841732979664014e-4,3.056828893825008e-4,16.131551745099276,7.656212794393486e-59,0.001,999,NA
sede,W_sede_knn5,punt_sociales_ciudadanas_z_periodo_media,1132,0.3032336123046847,-8.841732979664014e-4,3.05720085482554e-4,17.39321371932224,4.643866377269834e-68,0.001,999,NA
sede,W_sede_knn5,punt_ingles_z_periodo_media,1132,0.4025600957521503,-8.841732979664014e-4,3.0571848568098747e-4,23.07399003879925,4.224997874619824e-118,0.001,999,NA
zat,W_zat_knn5,punt_global_z_periodo_media,495,0.3375783676904431,-0.0020242914979757085,7.133555042550874e-4,12.715050047469255,2.4389856209519296e-37,0.001,999,NA
zat,W_zat_knn5,punt_matematicas_z_periodo_media,495,0.28757573018693017,-0.0020242914979757085,7.127420003884059e-4,10.847568823576875,1.0240018723135909e-27,0.001,999,NA
zat,W_zat_knn5,punt_lectura_critica_z_periodo_media,495,0.3395489738692955,-0.0020242914979757085,7.138140379130055e-4,12.7847231882515,9.978605022494103e-38,0.001,999,NA
zat,W_zat_knn5,punt_c_naturales_z_periodo_media,495,0.31219345399016596,-0.0020242914979757085,7.130239171609367e-4,11.767349684386526,2.8751378913407335e-32,0.001,999,NA
zat,W_zat_knn5,punt_sociales_ciudadanas_z_periodo_media,495,0.3523425174047021,-0.0020242914979757085,7.135840820706681e-4,13.265708836424794,1.8297207388258677e-40,0.001,999,NA
zat,W_zat_knn5,punt_ingles_z_periodo_media,495,0.4324810496896382,-0.0020242914979757085,7.135365045748e-4,16.266234207055835,8.568936280555702e-60,0.001,999,NA
upl,W_upl_queen,punt_global_z_periodo_media,33,0.4542183555836824,-0.03125,0.010786472341729298,4.674349800948914,1.4744317688415461e-6,0.001,999,NA
upl,W_upl_queen,punt_matematicas_z_periodo_media,33,0.4193933485772499,-0.03125,0.01071207732860741,4.354077107194005,6.681433485411176e-6,0.001,999,NA
upl,W_upl_queen,punt_lectura_critica_z_periodo_media,33,0.4564369010539091,-0.03125,0.010620953909029734,4.732159003893866,1.1107214401403318e-6,0.001,999,NA
upl,W_upl_queen,punt_c_naturales_z_periodo_media,33,0.4477830623318046,-0.03125,0.010848348017951212,4.599214707694644,2.120432635626872e-6,0.001,999,NA
upl,W_upl_queen,punt_sociales_ciudadanas_z_periodo_media,33,0.4719410807691905,-0.03125,0.010872771602305799,4.8257275828423465,6.974653585698543e-7,0.001,999,NA
upl,W_upl_queen,punt_ingles_z_periodo_media,33,0.4745462929984526,-0.03125,0.010844677799657006,4.856991185700861,5.959144868805706e-7,0.001,999,NA
upz,W_upz_knn5,punt_global_z_periodo_media,102,0.4101397938820419,-0.009900990099009901,0.0034230478757571433,7.179347480796556,3.5022457093311367e-13,0.001,999,NA
upz,W_upz_knn5,punt_matematicas_z_periodo_media,102,0.3669843818727896,-0.009900990099009901,0.0034158517244800074,6.448515918626307,5.6475350769926046e-11,0.001,999,NA
upz,W_upz_knn5,punt_lectura_critica_z_periodo_media,102,0.41285296226218854,-0.009900990099009901,0.0034271220273274314,7.221424787837846,2.572283659451569e-13,0.001,999,NA
upz,W_upz_knn5,punt_c_naturales_z_periodo_media,102,0.4020042350059701,-0.009900990099009901,0.003420747824573958,7.0426607948642515,9.430149277233781e-13,0.001,999,NA
upz,W_upz_knn5,punt_sociales_ciudadanas_z_periodo_media,102,0.42196947866960505,-0.009900990099009901,0.0034278279041603825,7.376392254897994,8.131819383925959e-14,0.001,999,NA
upz,W_upz_knn5,punt_ingles_z_periodo_media,102,0.45596792652806384,-0.009900990099009901,0.0034211977498646707,7.964795799131292,8.274842063847346e-16,0.001,999,NA
