periodo,n,I,E_I,z,p_normal,p_perm,k,nota
pooled_2016_2024,1224,0.3416052379279977,-0.00081766148814390845,20.338773919112185,2.918575555917291e-92,0.001,5,
20161,116,0.7109144532929161,-0.008695652173913044,13.54089528892982,4.484454822253477e-42,0.001,5,
20162,1029,0.29979737146336927,-9.727626459143969e-4,16.39310763641277,1.0710397683242516e-60,0.001,5,
20171,125,0.7036210721585037,-0.008064516129032258,13.79164581963579,1.4307806945872496e-43,0.001,5,
20172,1054,0.2774946529382478,-9.49667616334283e-4,15.366522783295455,1.372560324236165e-53,0.001,5,
20181,129,0.7225408470692831,-0.0078125,14.424388217375395,1.8173927207775647e-47,0.001,5,
20182,1067,0.2856150229430331,-9.380863039399625e-4,15.908544122576904,2.7642086349731565e-57,0.001,5,
20191,140,0.6982968935549742,-0.007194244604316547,14.476247415757527,8.559577910225132e-48,0.001,5,
20192,1082,0.2946757530908245,-9.250693802035153e-4,16.512281092235277,1.4967553949020557e-61,0.001,5,
20201,107,0.6566267081421265,-0.009433962264150943,12.049796953194816,9.721414057659905e-34,0.001,5,
20202,1106,0.24747341831729036,-9.049773755656109e-4,14.082863296760516,2.4203992363260432e-45,0.001,5,
20211,115,0.46796826676611847,-0.008771929824561403,8.976765526390583,1.394216468234261e-19,0.001,5,
20212,1117,0.2831857643125158,-8.960573476702509e-4,16.13862020731892,6.828004233306162e-59,0.001,5,
20221,149,0.6294488352825576,-0.006756756756756757,13.498396895506449,7.990794061067826e-42,0.001,5,
20222,1109,0.2842853435759443,-9.025270758122744e-4,16.1436314454361,6.295513738541005e-59,0.001,5,
20231,151,0.6105557443178009,-0.006666666666666667,13.211342588531078,3.773313085942638e-40,0.001,5,
20232,1123,0.2701643529797599,-8.9126559714795e-4,15.420810390596584,5.930331682963581e-54,0.001,5,
20241,158,0.6279932245990101,-0.006369426751592357,13.878619932397838,4.2685938664945604e-44,0.001,5,
20242,1125,0.255958638529166,-8.896797153024911e-4,14.652839451943715,6.460071414639182e-49,0.001,5,
