periodo,presentaciones_legacy,presentaciones_bogota_total,sedes_legacy,sedes_corregido,sedes_solo_legacy,sedes_solo_corregido,bogota_total,muestra_principal,presentaciones_muestra_principal,cobertura_legacy,cobertura_muestra_principal,limitacion
20161,4114,5214,106,143,0,37,5214,4652,4652,78.903,89.2213,Comparacion agregada por periodo y codigo de sede; el CSV legacy no contiene estu_consecutivo.
20162,81614,91138,970,1143,0,173,91138,86860,86860,89.5499,95.306,Comparacion agregada por periodo y codigo de sede; el CSV legacy no contiene estu_consecutivo.
20171,3912,4923,113,150,0,37,4923,4472,4472,79.4637,90.8389,Comparacion agregada por periodo y codigo de sede; el CSV legacy no contiene estu_consecutivo.
20172,81016,89514,994,1153,0,159,89514,85916,85916,90.5065,95.9805,Comparacion agregada por periodo y codigo de sede; el CSV legacy no contiene estu_consecutivo.
20181,4106,4979,121,154,0,33,4979,4579,4579,82.4664,91.9663,Comparacion agregada por periodo y codigo de sede; el CSV legacy no contiene estu_consecutivo.
20182,80418,88514,1004,1160,0,156,88514,85391,85391,90.8534,96.4717,Comparacion agregada por periodo y codigo de sede; el CSV legacy no contiene estu_consecutivo.
20191,4296,5150,130,163,0,33,5150,4687,4687,83.4175,91.0097,Comparacion agregada por periodo y codigo de sede; el CSV legacy no contiene estu_consecutivo.
20192,76861,84293,1015,1160,0,145,84293,81742,81742,91.1831,96.9737,Comparacion agregada por periodo y codigo de sede; el CSV legacy no contiene estu_consecutivo.
20201,2898,3610,93,119,0,26,3610,3424,3424,80.277,94.8476,Comparacion agregada por periodo y codigo de sede; el CSV legacy no contiene estu_consecutivo.
20202,71863,78367,1036,1171,0,135,78367,76608,76608,91.7006,97.7554,Comparacion agregada por periodo y codigo de sede; el CSV legacy no contiene estu_consecutivo.
20211,2746,3278,103,122,0,19,3278,3224,3224,83.7706,98.3527,Comparacion agregada por periodo y codigo de sede; el CSV legacy no contiene estu_consecutivo.
20212,74032,80333,1042,1164,0,122,80333,79260,79260,92.1564,98.6643,Comparacion agregada por periodo y codigo de sede; el CSV legacy no contiene estu_consecutivo.
20221,3909,4888,138,164,0,26,4888,4564,4564,79.9714,93.3715,Comparacion agregada por periodo y codigo de sede; el CSV legacy no contiene estu_consecutivo.
20222,71897,78181,1035,1143,0,108,78181,77172,77172,91.9622,98.7094,Comparacion agregada por periodo y codigo de sede; el CSV legacy no contiene estu_consecutivo.
20231,4143,4971,139,161,0,22,4971,4723,4723,83.3434,95.0111,Comparacion agregada por periodo y codigo de sede; el CSV legacy no contiene estu_consecutivo.
20232,73556,79596,1046,1145,0,99,79596,79020,79020,92.4117,99.2763,Comparacion agregada por periodo y codigo de sede; el CSV legacy no contiene estu_consecutivo.
20241,4102,4739,144,163,0,19,4739,4688,4688,86.5583,98.9238,Comparacion agregada por periodo y codigo de sede; el CSV legacy no contiene estu_consecutivo.
20242,73983,79385,1049,1128,0,79,79385,79337,79337,93.1952,99.9395,Comparacion agregada por periodo y codigo de sede; el CSV legacy no contiene estu_consecutivo.
