ruta,rol,existe,bytes,sha256,huella_parquet_validada
data/processed/private/saber11_bogota_sede_auditada.parquet,base_auditada,TRUE,38477857,e1e0c3dae4ba739fe6c1515844cad33fb6bc713d3e3b091e9a525157e3d6a05e,e1e0c3dae4ba739fe6c1515844cad33fb6bc713d3e3b091e9a525157e3d6a05e
data/raw/raw 2/colegios06_2025.gpkg,catalogo_sedes,TRUE,1241088,440d9b818d8b7ee63bd4c17dcfec645cbe96ff094e8311d65bdf84b87d97d5ca,e1e0c3dae4ba739fe6c1515844cad33fb6bc713d3e3b091e9a525157e3d6a05e
data/raw/UPZ/SHP/IndUPZ.shp,upz_poligonos,TRUE,1228236,bde6ce225033dde9cc60f85f718f7bbeb1998a643d1977d39e2818cfd69dbc5d,e1e0c3dae4ba739fe6c1515844cad33fb6bc713d3e3b091e9a525157e3d6a05e
data/raw/unidadplaneamientolocal/UnidadPlaneamientoLocal.shp,upl_poligonos,TRUE,773836,e91654d7a1eefcc08c21975d8f93037a9857a2699de9070247c8a1a4dbb1718f,e1e0c3dae4ba739fe6c1515844cad33fb6bc713d3e3b091e9a525157e3d6a05e
outputs/audit/fase1/10_legacy_vs_corregido_resumen.csv,legacy_resumen,TRUE,2231829,ce7cbf8a4a196000477acf127503ae40132e779185dac755cd9af5934115ea73,e1e0c3dae4ba739fe6c1515844cad33fb6bc713d3e3b091e9a525157e3d6a05e
outputs/audit/fase1/05_embudo_bogota_periodo.csv,embudo,TRUE,2703,ea9bed862c8eb40bad17cc6ab7b80dafbacb69941c245a8435ba05c7572af9a1,e1e0c3dae4ba739fe6c1515844cad33fb6bc713d3e3b091e9a525157e3d6a05e
outputs/audit/fase1/07_crosswalk_sede_catalogo_2025.csv,crosswalk,TRUE,719002,ad7516c197b7925604a8e2333264234812efeb7c779dfd593752b49dda0f596f,e1e0c3dae4ba739fe6c1515844cad33fb6bc713d3e3b091e9a525157e3d6a05e
outputs/tables/moran_global_principal.csv,moran_original,TRUE,4052,6a3799f1c5a3d70a2fb610d2c89b8f6f80bc4be811cc8f7159256fdf613c5276,e1e0c3dae4ba739fe6c1515844cad33fb6bc713d3e3b091e9a525157e3d6a05e
outputs/tables/tabla_resumen_lisa.csv,lisa_original,TRUE,321,5a684b81e81392f53b2e5aae2a034b0633ae73f9d3d64d610d3cc5eeefb8cd32,e1e0c3dae4ba739fe6c1515844cad33fb6bc713d3e3b091e9a525157e3d6a05e
