anio,sedes,estudiantes,z_global,estrato_promedio,prop_oficial,prop_internet_hogar,prop_jornada_completa,prop_calendario_a,prop_genero_femenino,n_estudiantes_log,prop_bilingue_observada
2016,1071,91401,0.51,2.5931,0.3361,0.8584,0.5776,0.9542,0.5244,4.07,0.8329
2017,1104,90388,0.4804,2.6812,0.337,0.8798,0.5654,0.9466,0.5201,4.0157,0.8216
2018,1113,89953,0.4785,2.6714,0.3333,0.8901,0.5637,0.9443,0.522,4.0255,0.8149
2019,1128,86429,0.4787,2.688,0.3333,0.8997,0.5454,0.945,0.5194,3.9597,0.8059
2020,1140,80032,0.4321,2.672,0.3333,0.938,0.5159,0.9456,0.5151,3.8494,0.7921
2021,1165,82484,0.4507,2.6793,0.3373,0.9467,0.5092,0.9451,0.5121,3.8556,0.7794
2022,1161,81735,0.4593,2.692,0.3368,0.9404,0.5051,0.9449,0.5089,3.8764,0.7752
2023,1172,83742,0.4415,2.725,0.3379,0.9309,0.5042,0.9454,0.5083,3.8645,0.773
2024,1174,84024,0.4246,2.6975,0.339,0.9116,0.4971,0.9446,0.5055,3.8878,0.7624
