termino,estimador,ee,z,p_valor
(Intercept),-2.32879,0.09348,-24.91255,0
estrato_promedio,0.33981,0.00856,39.6773,0
prop_oficial,0.20955,0.01294,16.19918,0
prop_internet_hogar,1.56223,0.04855,32.18002,0
prop_jornada_completa,0.52387,0.01197,43.75006,0
prop_calendario_a,0.30006,0.02009,14.9348,0
prop_genero_femenino,0.27464,0.02344,11.71671,0
n_estudiantes_log,0.07541,0.00476,15.83469,0
factor(anio)2017,-0.06421,0.01626,-3.94812,7.877e-5
factor(anio)2018,-0.07084,0.01633,-4.339,1.431e-5
factor(anio)2019,-0.06849,0.01659,-4.12761,3.665e-5
factor(anio)2020,-0.11581,0.01816,-6.37667,1.81e-10
factor(anio)2021,-0.10618,0.01838,-5.77737,7.588e-9
factor(anio)2022,-0.09324,0.01805,-5.16564,2.396e-7
factor(anio)2023,-0.11104,0.01776,-6.25074,4.085e-10
factor(anio)2024,-0.09486,0.01708,-5.55544,2.769e-8
lag.estrato_promedio,0.00716,0.00589,1.21539,0.2242
lag.prop_oficial,0.13152,0.02431,5.41053,6.284e-8
lag.prop_internet_hogar,-0.62632,0.09616,-6.5135,7.342e-11
lag.prop_jornada_completa,0.10987,0.02499,4.39644,1.1e-5
lag.prop_calendario_a,-0.15763,0.03193,-4.93736,7.919e-7
lag.prop_genero_femenino,0.21403,0.05255,4.07277,4.646e-5
lag.n_estudiantes_log,-0.01776,0.00853,-2.08168,0.03737
