periodo,z_medio,punt_medio,examenes,sedes,etiqueta
20161,0.6791,312.78,4652,116,2016-1
20162,0.3917,277.09,86860,1029,2016-2
20171,0.6632,301.06,4472,125,2017-1
20172,0.367,273.62,85916,1054,2017-2
20181,0.4204,302.4,4579,129,2018-1
20182,0.371,269.86,85391,1067,2018-2
20191,0.3966,295.11,4687,140,2019-1
20192,0.3767,265.67,81742,1082,2019-2
20201,0.4491,300.26,3424,107,2020-1
20202,0.368,266.59,76608,1106,2020-2
20211,0.8574,325.69,3224,115,2021-1
20212,0.3715,266.01,79260,1117,2021-2
20221,0.4633,294.79,4564,149,2022-1
20222,0.3695,269.73,77172,1109,2022-2
20231,0.5248,292.93,4723,151,2023-1
20232,0.3396,269.68,79020,1123,2023-2
20241,0.456,292.66,4688,158,2024-1
20242,0.3369,271.95,79337,1125,2024-2
