archivo,periodo,ruta_relativa,tamano_bytes,sha256,filas,columnas,delimitador,delimitador_conteos,encoding,utf8_muestra_ok,utf8_cobertura_total,bom,fin_de_linea,estado_archivo,leido_en
Examen_Saber_11_20202.txt,20202,data/raw/raw 1/Examen_Saber_11_20202.txt,399767464,5997bb114859fa458ff612767910e409fa8631b46ad5a21c8673d450b7e763e2,556891,84,;,";=83 ,=0 |=0 	=0",UTF-8,TRUE,TRUE,FALSE,CRLF,local,2026-10-05 22:56:34
Examen_Saber_11_20211.txt,20211,data/raw/raw 1/Examen_Saber_11_20211.txt,21351589,88d5305d9c7431a6388d9acf08336480e709e6f02cf00ebab6fd619e292d06fb,58708,84,;,";=83 ,=0 |=0 	=0",UTF-8,TRUE,TRUE,FALSE,CRLF,local,2026-10-05 22:56:34
Examen_Saber_11_20212.txt,20212,data/raw/raw 1/Examen_Saber_11_20212.txt,419813970,3fa500fd2e975b6551074b018231262510a55a34ae136a5a55b869324c8d77e4,606030,85,;,";=84 ,=0 |=0 	=0",UTF-8,TRUE,TRUE,FALSE,CRLF,local,2026-10-05 22:56:36
Examen_Saber_11_20221.txt,20221,data/raw/raw 1/Examen_Saber_11_20221.txt,27122188,ad7029a0257c6ab75ac272b9ac1e09e47fb1a9ae11a79d8bb782ba52e9a6f4ee,73795,84,;,";=83 ,=0 |=0 	=0",UTF-8,TRUE,TRUE,FALSE,CRLF,local,2026-10-05 22:56:37
Examen_Saber_11_20222.txt,20222,data/raw/raw 1/Examen_Saber_11_20222.txt,406043311,253839279b9ae69cc3836a3164e1d2f7a7f310d81b9938fe3ff1fce5e9e6f71f,589183,84,;,";=83 ,=0 |=0 	=0",UTF-8,TRUE,TRUE,FALSE,CRLF,local,2026-10-05 22:56:39
Examen_Saber_11_20231.txt,20231,data/raw/raw 1/Examen_Saber_11_20231.txt,28074240,d664b1d1894cbd0f49fdcced7bce8351f2f60e211d4edc01099e2e751fca44f1,77555,84,;,";=83 ,=0 |=0 	=0",UTF-8,TRUE,TRUE,FALSE,CRLF,local,2026-10-05 22:56:39
Examen_Saber_11_20232.txt,20232,data/raw/raw 1/Examen_Saber_11_20232.txt,412780215,edd969737084c5d47b24e5589da66b1333e8a689b14082089beed585df0a826b,602093,83,;,";=82 ,=0 |=0 	=0",UTF-8,TRUE,TRUE,FALSE,CRLF,local,2026-10-05 22:56:41
Examen_Saber_11_20241.txt,20241,data/raw/raw 1/Examen_Saber_11_20241.txt,29705020,93daf9af22e0aa56b8f10ce7f8a6e9fd6eeddc367d200e1418cc613ddd214de0,84072,84,;,";=83 ,=0 |=0 	=0",UTF-8,TRUE,TRUE,FALSE,CRLF,local,2026-10-05 22:56:41
Examen_Saber_11_20242.txt,20242,data/raw/raw 1/Examen_Saber_11_20242.txt,404831066,525c5af65bfb455affe96ba02ecfd8ac1e87599b1bafca249ce38f35e96aeed4,592436,84,;,";=83 ,=0 |=0 	=0",UTF-8,TRUE,TRUE,FALSE,CRLF,local,2026-10-05 22:56:43
Examen_Saber_11_20161.txt,20161,data/raw/raw 2/Examen_Saber_11_20161.txt,26103291,6e0fdb79b296342e74babd2f9d09c8013e4f1c4e5ed8d2e02f2418719ab42a5f,74224,72,;,";=71 ,=0 |=0 	=0",UTF-8,TRUE,TRUE,FALSE,CRLF,local,2026-10-05 22:56:43
Examen_Saber_11_20162.txt,20162,data/raw/raw 2/Examen_Saber_11_20162.txt,284334923,5e3ec3d0879ea7f91042551c6f010c6ee594c9649383971513f0a58ef986c8f4,589593,72,;,";=71 ,=0 |=0 	=0",UTF-8,TRUE,TRUE,FALSE,CRLF,local,2026-10-05 22:56:44
Examen_Saber_11_20171.txt,20171,data/raw/raw 2/Examen_Saber_11_20171.txt,29829274,72934e403012b9112d79a2c3e231359a7dceeda1bab5684722783d92d844c2c1,85149,85,;,";=84 ,=0 |=0 	=0",UTF-8,TRUE,TRUE,FALSE,CRLF,local,2026-10-05 22:56:44
Examen_Saber_11_20172.txt,20172,data/raw/raw 2/Examen_Saber_11_20172.txt,415349060,106800a20ebba62ee4be8a2f4d954c62711203c1c923cd549b433c917c5fe55d,590996,85,;,";=84 ,=0 |=0 	=0",UTF-8,TRUE,TRUE,FALSE,CRLF,local,2026-10-05 22:56:46
Examen_Saber_11_20181.txt,20181,data/raw/raw 2/Examen_Saber_11_20181.txt,25171051,71d67259367a0d56529cf5b811b6d5540e2b4b46f5d1a16f41580f0e43393113,65854,85,;,";=84 ,=0 |=0 	=0",UTF-8,TRUE,TRUE,FALSE,CRLF,local,2026-10-05 22:56:46
Examen_Saber_11_20182.txt,20182,data/raw/raw 2/Examen_Saber_11_20182.txt,422488304,0689ac39f933f89dba0e0398e6e93313f2af6829cb562f2eebd112119880b12d,609136,85,;,";=84 ,=0 |=0 	=0",UTF-8,TRUE,TRUE,FALSE,CRLF,local,2026-10-05 22:56:48
Examen_Saber_11_20191.txt,20191,data/raw/raw 2/Examen_Saber_11_20191.txt,26257220,d66f6f16cb64410972b0ee42b769d5094c64c38eb4cd99447d0eba20a914e9f6,66104,85,;,";=84 ,=0 |=0 	=0",UTF-8,TRUE,TRUE,FALSE,CRLF,local,2026-10-05 22:56:49
Examen_Saber_11_20192.txt,20192,data/raw/raw 2/Examen_Saber_11_20192.txt,427275316,d02110c11c6cec0b9805cfbfc7e1aa5227681746bf5beda03a4e1ba394402ae2,614789,85,;,";=84 ,=0 |=0 	=0",UTF-8,TRUE,TRUE,FALSE,CRLF,local,2026-10-05 22:56:51
Examen_Saber_11_20201.txt,20201,data/raw/raw 2/Examen_Saber_11_20201.txt,18304868,128b1a338cb557974c59fad369bc09f8ba7aa6b8bd54564d045e3e49f94c0724,46221,85,;,";=84 ,=0 |=0 	=0",UTF-8,TRUE,TRUE,FALSE,CRLF,local,2026-10-05 22:56:51
colegios06_2025.gpkg,,data/raw/raw 2/colegios06_2025.gpkg,1241088,440d9b818d8b7ee63bd4c17dcfec645cbe96ff094e8311d65bdf84b87d97d5ca,,,,";=NA ,=NA |=NA 	=NA",binario (GPKG/SQLite),,,,,local,2026-10-05 22:56:51
