periodo,columna_original,columna_armonizada,tipo_leido,n_faltantes,disponible,transformacion,pct_faltantes
20202,periodo,periodo,character,0,TRUE,trimws,0
20202,estu_consecutivo,estu_consecutivo,character,0,TRUE,trimws,0
20202,punt_global,punt_global,character,0,TRUE,trimws,0
20202,cole_cod_mcpio_ubicacion,cole_cod_mcpio_ubicacion,character,42746,TRUE,trimws,7.6758
20202,cole_cod_dane_sede,cole_cod_dane_sede,character,42746,TRUE,trimws,7.6758
20202,cole_cod_dane_establecimiento,cole_cod_dane_establecimiento,character,42746,TRUE,trimws,7.6758
20202,cole_cod_depto_ubicacion,cole_cod_depto_ubicacion,character,42746,TRUE,trimws,7.6758
20202,cole_depto_ubicacion,cole_depto_ubicacion,character,42746,TRUE,trimws,7.6758
20202,cole_mcpio_ubicacion,cole_mcpio_ubicacion,character,42746,TRUE,trimws,7.6758
20202,cole_nombre_sede,cole_nombre_sede,character,42746,TRUE,trimws,7.6758
20202,cole_nombre_establecimiento,cole_nombre_establecimiento,character,42746,TRUE,trimws,7.6758
20202,cole_sede_principal,cole_sede_principal,character,42746,TRUE,trimws,7.6758
20202,cole_area_ubicacion,cole_area_ubicacion,character,42746,TRUE,trimws,7.6758
20202,estu_estudiante,estu_estudiante,character,0,TRUE,trimws,0
20202,estu_grado,estu_grado,character,41913,TRUE,trimws,7.5262
20202,estu_agregado,estu_agregado,character,0,TRUE,trimws,0
20202,punt_matematicas,punt_matematicas,character,0,TRUE,trimws,0
20202,punt_lectura_critica,punt_lectura_critica,character,0,TRUE,trimws,0
20202,punt_c_naturales,punt_c_naturales,character,0,TRUE,trimws,0
20202,punt_sociales_ciudadanas,punt_sociales_ciudadanas,character,0,TRUE,trimws,0
20202,punt_ingles,punt_ingles,character,2288,TRUE,trimws,0.4109
20202,cole_naturaleza,cole_naturaleza,character,42746,TRUE,trimws,7.6758
20202,cole_jornada,cole_jornada,character,44645,TRUE,trimws,8.0168
20202,cole_calendario,cole_calendario,character,42746,TRUE,trimws,7.6758
20202,cole_caracter,cole_caracter,character,57136,TRUE,trimws,10.2598
20202,cole_genero,cole_genero,character,42746,TRUE,trimws,7.6758
20202,cole_bilingue,cole_bilingue,character,127327,TRUE,trimws,22.8639
20202,estu_genero,estu_genero,character,15,TRUE,trimws,0.0027
20202,estu_inse_individual,estu_inse_individual,character,56776,TRUE,trimws,10.1952
20202,estu_nse_individual,estu_nse_individual,character,56776,TRUE,trimws,10.1952
20202,estu_nse_establecimiento,estu_nse_establecimiento,character,43118,TRUE,trimws,7.7426
20202,fami_estratovivienda,fami_estratovivienda,character,62964,TRUE,trimws,11.3063
20202,fami_educacionmadre,fami_educacionmadre,character,59543,TRUE,trimws,10.692
20202,fami_educacionpadre,fami_educacionpadre,character,59049,TRUE,trimws,10.6033
20202,fami_tieneinternet,fami_tieneinternet,character,59730,TRUE,trimws,10.7256
20202,fami_tienecomputador,fami_tienecomputador,character,66308,TRUE,trimws,11.9068
20211,periodo,periodo,character,0,TRUE,trimws,0
20211,estu_consecutivo,estu_consecutivo,character,0,TRUE,trimws,0
20211,punt_global,punt_global,character,0,TRUE,trimws,0
20211,cole_cod_mcpio_ubicacion,cole_cod_mcpio_ubicacion,character,43126,TRUE,trimws,73.4585
20211,cole_cod_dane_sede,cole_cod_dane_sede,character,43126,TRUE,trimws,73.4585
20211,cole_cod_dane_establecimiento,cole_cod_dane_establecimiento,character,43126,TRUE,trimws,73.4585
20211,cole_cod_depto_ubicacion,cole_cod_depto_ubicacion,character,43126,TRUE,trimws,73.4585
20211,cole_depto_ubicacion,cole_depto_ubicacion,character,43126,TRUE,trimws,73.4585
20211,cole_mcpio_ubicacion,cole_mcpio_ubicacion,character,43126,TRUE,trimws,73.4585
20211,cole_nombre_sede,cole_nombre_sede,character,43126,TRUE,trimws,73.4585
20211,cole_nombre_establecimiento,cole_nombre_establecimiento,character,43126,TRUE,trimws,73.4585
20211,cole_sede_principal,cole_sede_principal,character,43126,TRUE,trimws,73.4585
20211,cole_area_ubicacion,cole_area_ubicacion,character,43126,TRUE,trimws,73.4585
20211,estu_estudiante,estu_estudiante,character,0,TRUE,trimws,0
20211,estu_grado,estu_grado,character,43125,TRUE,trimws,73.4568
20211,estu_agregado,estu_agregado,character,0,TRUE,trimws,0
20211,punt_matematicas,punt_matematicas,character,0,TRUE,trimws,0
20211,punt_lectura_critica,punt_lectura_critica,character,0,TRUE,trimws,0
20211,punt_c_naturales,punt_c_naturales,character,0,TRUE,trimws,0
20211,punt_sociales_ciudadanas,punt_sociales_ciudadanas,character,0,TRUE,trimws,0
20211,punt_ingles,punt_ingles,character,97,TRUE,trimws,0.1652
20211,cole_naturaleza,cole_naturaleza,character,43126,TRUE,trimws,73.4585
20211,cole_jornada,cole_jornada,character,43180,TRUE,trimws,73.5505
20211,cole_calendario,cole_calendario,character,43126,TRUE,trimws,73.4585
20211,cole_caracter,cole_caracter,character,43867,TRUE,trimws,74.7207
20211,cole_genero,cole_genero,character,43126,TRUE,trimws,73.4585
20211,cole_bilingue,cole_bilingue,character,45686,TRUE,trimws,77.819
20211,estu_genero,estu_genero,character,6,TRUE,trimws,0.0102
20211,estu_inse_individual,estu_inse_individual,character,43606,TRUE,trimws,74.2761
20211,estu_nse_individual,estu_nse_individual,character,43606,TRUE,trimws,74.2761
20211,estu_nse_establecimiento,estu_nse_establecimiento,character,43148,TRUE,trimws,73.4959
20211,fami_estratovivienda,fami_estratovivienda,character,43831,TRUE,trimws,74.6593
20211,fami_educacionmadre,fami_educacionmadre,character,43774,TRUE,trimws,74.5622
20211,fami_educacionpadre,fami_educacionpadre,character,43762,TRUE,trimws,74.5418
20211,fami_tieneinternet,fami_tieneinternet,character,43758,TRUE,trimws,74.535
20211,fami_tienecomputador,fami_tienecomputador,character,43605,TRUE,trimws,74.2744
20212,periodo,periodo,character,0,TRUE,trimws,0
20212,estu_consecutivo,estu_consecutivo,character,0,TRUE,trimws,0
20212,punt_global,punt_global,character,0,TRUE,trimws,0
20212,cole_cod_mcpio_ubicacion,cole_cod_mcpio_ubicacion,character,64548,TRUE,trimws,10.651
20212,cole_cod_dane_sede,cole_cod_dane_sede,character,64548,TRUE,trimws,10.651
20212,cole_cod_dane_establecimiento,cole_cod_dane_establecimiento,character,64548,TRUE,trimws,10.651
20212,cole_cod_depto_ubicacion,cole_cod_depto_ubicacion,character,64548,TRUE,trimws,10.651
20212,cole_depto_ubicacion,cole_depto_ubicacion,character,64548,TRUE,trimws,10.651
20212,cole_mcpio_ubicacion,cole_mcpio_ubicacion,character,64548,TRUE,trimws,10.651
20212,cole_nombre_sede,cole_nombre_sede,character,64548,TRUE,trimws,10.651
20212,cole_nombre_establecimiento,cole_nombre_establecimiento,character,64548,TRUE,trimws,10.651
20212,cole_sede_principal,cole_sede_principal,character,64548,TRUE,trimws,10.651
20212,cole_area_ubicacion,cole_area_ubicacion,character,64548,TRUE,trimws,10.651
20212,estu_estudiante,estu_estudiante,character,0,TRUE,trimws,0
20212,estu_grado,estu_grado,character,63077,TRUE,trimws,10.4082
20212,estu_agregado,estu_agregado,character,0,TRUE,trimws,0
20212,punt_matematicas,punt_matematicas,character,0,TRUE,trimws,0
20212,punt_lectura_critica,punt_lectura_critica,character,0,TRUE,trimws,0
20212,punt_c_naturales,punt_c_naturales,character,0,TRUE,trimws,0
20212,punt_sociales_ciudadanas,punt_sociales_ciudadanas,character,0,TRUE,trimws,0
20212,punt_ingles,punt_ingles,character,6220,TRUE,trimws,1.0264
20212,cole_naturaleza,cole_naturaleza,character,64548,TRUE,trimws,10.651
20212,cole_jornada,cole_jornada,character,64562,TRUE,trimws,10.6533
20212,cole_calendario,cole_calendario,character,64548,TRUE,trimws,10.651
20212,cole_caracter,cole_caracter,character,82547,TRUE,trimws,13.6209
20212,cole_genero,cole_genero,character,64548,TRUE,trimws,10.651
20212,cole_bilingue,cole_bilingue,character,157500,TRUE,trimws,25.9888
20212,estu_genero,estu_genero,character,98,TRUE,trimws,0.0162
20212,estu_inse_individual,estu_inse_individual,character,80307,TRUE,trimws,13.2513
20212,estu_nse_individual,estu_nse_individual,character,80307,TRUE,trimws,13.2513
20212,estu_nse_establecimiento,estu_nse_establecimiento,character,65140,TRUE,trimws,10.7486
20212,fami_estratovivienda,fami_estratovivienda,character,94530,TRUE,trimws,15.5982
20212,fami_educacionmadre,fami_educacionmadre,character,90749,TRUE,trimws,14.9743
20212,fami_educacionpadre,fami_educacionpadre,character,90754,TRUE,trimws,14.9752
20212,fami_tieneinternet,fami_tieneinternet,character,91306,TRUE,trimws,15.0663
20212,fami_tienecomputador,fami_tienecomputador,character,80568,TRUE,trimws,13.2944
20221,periodo,periodo,character,0,TRUE,trimws,0
20221,estu_consecutivo,estu_consecutivo,character,0,TRUE,trimws,0
20221,punt_global,punt_global,character,0,TRUE,trimws,0
20221,cole_cod_mcpio_ubicacion,cole_cod_mcpio_ubicacion,character,53746,TRUE,trimws,72.8315
20221,cole_cod_dane_sede,cole_cod_dane_sede,character,53746,TRUE,trimws,72.8315
20221,cole_cod_dane_establecimiento,cole_cod_dane_establecimiento,character,53746,TRUE,trimws,72.8315
20221,cole_cod_depto_ubicacion,cole_cod_depto_ubicacion,character,53746,TRUE,trimws,72.8315
20221,cole_depto_ubicacion,cole_depto_ubicacion,character,53746,TRUE,trimws,72.8315
20221,cole_mcpio_ubicacion,cole_mcpio_ubicacion,character,53746,TRUE,trimws,72.8315
20221,cole_nombre_sede,cole_nombre_sede,character,53746,TRUE,trimws,72.8315
20221,cole_nombre_establecimiento,cole_nombre_establecimiento,character,53746,TRUE,trimws,72.8315
20221,cole_sede_principal,cole_sede_principal,character,53746,TRUE,trimws,72.8315
20221,cole_area_ubicacion,cole_area_ubicacion,character,53746,TRUE,trimws,72.8315
20221,estu_estudiante,estu_estudiante,character,0,TRUE,trimws,0
20221,estu_grado,estu_grado,character,53582,TRUE,trimws,72.6093
20221,estu_agregado,estu_agregado,character,0,TRUE,trimws,0
20221,punt_matematicas,punt_matematicas,character,0,TRUE,trimws,0
20221,punt_lectura_critica,punt_lectura_critica,character,0,TRUE,trimws,0
20221,punt_c_naturales,punt_c_naturales,character,0,TRUE,trimws,0
20221,punt_sociales_ciudadanas,punt_sociales_ciudadanas,character,0,TRUE,trimws,0
20221,punt_ingles,punt_ingles,character,184,TRUE,trimws,0.2493
20221,cole_naturaleza,cole_naturaleza,character,53746,TRUE,trimws,72.8315
20221,cole_jornada,cole_jornada,character,53746,TRUE,trimws,72.8315
20221,cole_calendario,cole_calendario,character,53746,TRUE,trimws,72.8315
20221,cole_caracter,cole_caracter,character,56166,TRUE,trimws,76.1108
20221,cole_genero,cole_genero,character,53746,TRUE,trimws,72.8315
20221,cole_bilingue,cole_bilingue,character,58649,TRUE,trimws,79.4756
20221,estu_genero,estu_genero,character,1,TRUE,trimws,0.0014
20221,estu_inse_individual,estu_inse_individual,character,54338,TRUE,trimws,73.6337
20221,estu_nse_individual,estu_nse_individual,character,54338,TRUE,trimws,73.6337
20221,estu_nse_establecimiento,estu_nse_establecimiento,character,53750,TRUE,trimws,72.8369
20221,fami_estratovivienda,fami_estratovivienda,character,54610,TRUE,trimws,74.0023
20221,fami_educacionmadre,fami_educacionmadre,character,54502,TRUE,trimws,73.856
20221,fami_educacionpadre,fami_educacionpadre,character,54497,TRUE,trimws,73.8492
20221,fami_tieneinternet,fami_tieneinternet,character,54514,TRUE,trimws,73.8722
20221,fami_tienecomputador,fami_tienecomputador,character,54362,TRUE,trimws,73.6662
20222,periodo,periodo,character,0,TRUE,trimws,0
20222,estu_consecutivo,estu_consecutivo,character,0,TRUE,trimws,0
20222,punt_global,punt_global,character,0,TRUE,trimws,0
20222,cole_cod_mcpio_ubicacion,cole_cod_mcpio_ubicacion,character,45477,TRUE,trimws,7.7187
20222,cole_cod_dane_sede,cole_cod_dane_sede,character,45477,TRUE,trimws,7.7187
20222,cole_cod_dane_establecimiento,cole_cod_dane_establecimiento,character,45477,TRUE,trimws,7.7187
20222,cole_cod_depto_ubicacion,cole_cod_depto_ubicacion,character,45477,TRUE,trimws,7.7187
20222,cole_depto_ubicacion,cole_depto_ubicacion,character,45477,TRUE,trimws,7.7187
20222,cole_mcpio_ubicacion,cole_mcpio_ubicacion,character,45477,TRUE,trimws,7.7187
20222,cole_nombre_sede,cole_nombre_sede,character,45477,TRUE,trimws,7.7187
20222,cole_nombre_establecimiento,cole_nombre_establecimiento,character,45477,TRUE,trimws,7.7187
20222,cole_sede_principal,cole_sede_principal,character,45477,TRUE,trimws,7.7187
20222,cole_area_ubicacion,cole_area_ubicacion,character,45477,TRUE,trimws,7.7187
20222,estu_estudiante,estu_estudiante,character,0,TRUE,trimws,0
20222,estu_grado,estu_grado,character,43795,TRUE,trimws,7.4332
20222,estu_agregado,estu_agregado,character,0,TRUE,trimws,0
20222,punt_matematicas,punt_matematicas,character,0,TRUE,trimws,0
20222,punt_lectura_critica,punt_lectura_critica,character,0,TRUE,trimws,0
20222,punt_c_naturales,punt_c_naturales,character,0,TRUE,trimws,0
20222,punt_sociales_ciudadanas,punt_sociales_ciudadanas,character,0,TRUE,trimws,0
20222,punt_ingles,punt_ingles,character,4697,TRUE,trimws,0.7972
20222,cole_naturaleza,cole_naturaleza,character,45477,TRUE,trimws,7.7187
20222,cole_jornada,cole_jornada,character,45485,TRUE,trimws,7.72
20222,cole_calendario,cole_calendario,character,45477,TRUE,trimws,7.7187
20222,cole_caracter,cole_caracter,character,66290,TRUE,trimws,11.2512
20222,cole_genero,cole_genero,character,45477,TRUE,trimws,7.7187
20222,cole_bilingue,cole_bilingue,character,143449,TRUE,trimws,24.3471
20222,estu_genero,estu_genero,character,6,TRUE,trimws,0.001
20222,estu_inse_individual,estu_inse_individual,character,68728,TRUE,trimws,11.665
20222,estu_nse_individual,estu_nse_individual,character,68728,TRUE,trimws,11.665
20222,estu_nse_establecimiento,estu_nse_establecimiento,character,45551,TRUE,trimws,7.7312
20222,fami_estratovivienda,fami_estratovivienda,character,81695,TRUE,trimws,13.8658
20222,fami_educacionmadre,fami_educacionmadre,character,76712,TRUE,trimws,13.0201
20222,fami_educacionpadre,fami_educacionpadre,character,76576,TRUE,trimws,12.997
20222,fami_tieneinternet,fami_tieneinternet,character,77343,TRUE,trimws,13.1272
20222,fami_tienecomputador,fami_tienecomputador,character,69210,TRUE,trimws,11.7468
20231,periodo,periodo,character,0,TRUE,trimws,0
20231,estu_consecutivo,estu_consecutivo,character,0,TRUE,trimws,0
20231,punt_global,punt_global,character,0,TRUE,trimws,0
20231,cole_cod_mcpio_ubicacion,cole_cod_mcpio_ubicacion,character,56903,TRUE,trimws,73.3712
20231,cole_cod_dane_sede,cole_cod_dane_sede,character,56903,TRUE,trimws,73.3712
20231,cole_cod_dane_establecimiento,cole_cod_dane_establecimiento,character,56903,TRUE,trimws,73.3712
20231,cole_cod_depto_ubicacion,cole_cod_depto_ubicacion,character,56903,TRUE,trimws,73.3712
20231,cole_depto_ubicacion,cole_depto_ubicacion,character,56903,TRUE,trimws,73.3712
20231,cole_mcpio_ubicacion,cole_mcpio_ubicacion,character,56903,TRUE,trimws,73.3712
20231,cole_nombre_sede,cole_nombre_sede,character,56903,TRUE,trimws,73.3712
20231,cole_nombre_establecimiento,cole_nombre_establecimiento,character,56903,TRUE,trimws,73.3712
20231,cole_sede_principal,cole_sede_principal,character,56903,TRUE,trimws,73.3712
20231,cole_area_ubicacion,cole_area_ubicacion,character,56903,TRUE,trimws,73.3712
20231,estu_estudiante,estu_estudiante,character,0,TRUE,trimws,0
20231,estu_grado,estu_grado,character,56844,TRUE,trimws,73.2951
20231,estu_agregado,estu_agregado,character,0,TRUE,trimws,0
20231,punt_matematicas,punt_matematicas,character,0,TRUE,trimws,0
20231,punt_lectura_critica,punt_lectura_critica,character,0,TRUE,trimws,0
20231,punt_c_naturales,punt_c_naturales,character,0,TRUE,trimws,0
20231,punt_sociales_ciudadanas,punt_sociales_ciudadanas,character,0,TRUE,trimws,0
20231,punt_ingles,punt_ingles,character,177,TRUE,trimws,0.2282
20231,cole_naturaleza,cole_naturaleza,character,56903,TRUE,trimws,73.3712
20231,cole_jornada,cole_jornada,character,56903,TRUE,trimws,73.3712
20231,cole_calendario,cole_calendario,character,56903,TRUE,trimws,73.3712
20231,cole_caracter,cole_caracter,character,59495,TRUE,trimws,76.7133
20231,cole_genero,cole_genero,character,56903,TRUE,trimws,73.3712
20231,cole_bilingue,cole_bilingue,character,62337,TRUE,trimws,80.3778
20231,estu_genero,estu_genero,character,0,TRUE,trimws,0
20231,estu_inse_individual,estu_inse_individual,character,58178,TRUE,trimws,75.0152
20231,estu_nse_individual,estu_nse_individual,character,58178,TRUE,trimws,75.0152
20231,estu_nse_establecimiento,estu_nse_establecimiento,character,56908,TRUE,trimws,73.3776
20231,fami_estratovivienda,fami_estratovivienda,character,58414,TRUE,trimws,75.3195
20231,fami_educacionmadre,fami_educacionmadre,character,58283,TRUE,trimws,75.1505
20231,fami_educacionpadre,fami_educacionpadre,character,58286,TRUE,trimws,75.1544
20231,fami_tieneinternet,fami_tieneinternet,character,58330,TRUE,trimws,75.2111
20231,fami_tienecomputador,fami_tienecomputador,character,58211,TRUE,trimws,75.0577
20232,periodo,periodo,character,0,TRUE,trimws,0
20232,estu_consecutivo,estu_consecutivo,character,0,TRUE,trimws,0
20232,punt_global,punt_global,character,0,TRUE,trimws,0
20232,cole_cod_mcpio_ubicacion,cole_cod_mcpio_ubicacion,character,39179,TRUE,trimws,6.5071
20232,cole_cod_dane_sede,cole_cod_dane_sede,character,39179,TRUE,trimws,6.5071
20232,cole_cod_dane_establecimiento,cole_cod_dane_establecimiento,character,39179,TRUE,trimws,6.5071
20232,cole_cod_depto_ubicacion,cole_cod_depto_ubicacion,character,39179,TRUE,trimws,6.5071
20232,cole_depto_ubicacion,cole_depto_ubicacion,character,39179,TRUE,trimws,6.5071
20232,cole_mcpio_ubicacion,cole_mcpio_ubicacion,character,39180,TRUE,trimws,6.5073
20232,cole_nombre_sede,cole_nombre_sede,character,39179,TRUE,trimws,6.5071
20232,cole_nombre_establecimiento,cole_nombre_establecimiento,character,39179,TRUE,trimws,6.5071
20232,cole_sede_principal,cole_sede_principal,character,39179,TRUE,trimws,6.5071
20232,cole_area_ubicacion,cole_area_ubicacion,character,39179,TRUE,trimws,6.5071
20232,estu_estudiante,estu_estudiante,character,0,TRUE,trimws,0
20232,estu_grado,estu_grado,character,38211,TRUE,trimws,6.3464
20232,estu_agregado,estu_agregado,character,0,TRUE,trimws,0
20232,punt_matematicas,punt_matematicas,character,0,TRUE,trimws,0
20232,punt_lectura_critica,punt_lectura_critica,character,0,TRUE,trimws,0
20232,punt_c_naturales,punt_c_naturales,character,0,TRUE,trimws,0
20232,punt_sociales_ciudadanas,punt_sociales_ciudadanas,character,0,TRUE,trimws,0
20232,punt_ingles,punt_ingles,character,5890,TRUE,trimws,0.9783
20232,cole_naturaleza,cole_naturaleza,character,39179,TRUE,trimws,6.5071
20232,cole_jornada,cole_jornada,character,39180,TRUE,trimws,6.5073
20232,cole_calendario,cole_calendario,character,39179,TRUE,trimws,6.5071
20232,cole_caracter,cole_caracter,character,62292,TRUE,trimws,10.3459
20232,cole_genero,cole_genero,character,39179,TRUE,trimws,6.5071
20232,cole_bilingue,cole_bilingue,character,143781,TRUE,trimws,23.8802
20232,estu_genero,estu_genero,character,27,TRUE,trimws,0.0045
20232,estu_inse_individual,estu_inse_individual,character,70060,TRUE,trimws,11.6361
20232,estu_nse_individual,estu_nse_individual,character,70060,TRUE,trimws,11.6361
20232,estu_nse_establecimiento,estu_nse_establecimiento,character,39249,TRUE,trimws,6.5188
20232,fami_estratovivienda,fami_estratovivienda,character,88949,TRUE,trimws,14.7733
20232,fami_educacionmadre,fami_educacionmadre,character,83192,TRUE,trimws,13.8171
20232,fami_educacionpadre,fami_educacionpadre,character,82905,TRUE,trimws,13.7695
20232,fami_tieneinternet,fami_tieneinternet,character,83655,TRUE,trimws,13.894
20232,fami_tienecomputador,fami_tienecomputador,character,69761,TRUE,trimws,11.5864
20241,periodo,periodo,character,0,TRUE,trimws,0
20241,estu_consecutivo,estu_consecutivo,character,0,TRUE,trimws,0
20241,punt_global,punt_global,character,0,TRUE,trimws,0
20241,cole_cod_mcpio_ubicacion,cole_cod_mcpio_ubicacion,character,63442,TRUE,trimws,75.4615
20241,cole_cod_dane_sede,cole_cod_dane_sede,character,63442,TRUE,trimws,75.4615
20241,cole_cod_dane_establecimiento,cole_cod_dane_establecimiento,character,63442,TRUE,trimws,75.4615
20241,cole_cod_depto_ubicacion,cole_cod_depto_ubicacion,character,63442,TRUE,trimws,75.4615
20241,cole_depto_ubicacion,cole_depto_ubicacion,character,63442,TRUE,trimws,75.4615
20241,cole_mcpio_ubicacion,cole_mcpio_ubicacion,character,63442,TRUE,trimws,75.4615
20241,cole_nombre_sede,cole_nombre_sede,character,63442,TRUE,trimws,75.4615
20241,cole_nombre_establecimiento,cole_nombre_establecimiento,character,63442,TRUE,trimws,75.4615
20241,cole_sede_principal,cole_sede_principal,character,63442,TRUE,trimws,75.4615
20241,cole_area_ubicacion,cole_area_ubicacion,character,63442,TRUE,trimws,75.4615
20241,estu_estudiante,estu_estudiante,character,0,TRUE,trimws,0
20241,estu_grado,estu_grado,character,62478,TRUE,trimws,74.3149
20241,estu_agregado,estu_agregado,character,0,TRUE,trimws,0
20241,punt_matematicas,punt_matematicas,character,0,TRUE,trimws,0
20241,punt_lectura_critica,punt_lectura_critica,character,0,TRUE,trimws,0
20241,punt_c_naturales,punt_c_naturales,character,0,TRUE,trimws,0
20241,punt_sociales_ciudadanas,punt_sociales_ciudadanas,character,0,TRUE,trimws,0
20241,punt_ingles,punt_ingles,character,150,TRUE,trimws,0.1784
20241,cole_naturaleza,cole_naturaleza,character,63442,TRUE,trimws,75.4615
20241,cole_jornada,cole_jornada,character,63442,TRUE,trimws,75.4615
20241,cole_calendario,cole_calendario,character,63442,TRUE,trimws,75.4615
20241,cole_caracter,cole_caracter,character,66417,TRUE,trimws,79.0001
20241,cole_genero,cole_genero,character,63442,TRUE,trimws,75.4615
20241,cole_bilingue,cole_bilingue,character,69325,TRUE,trimws,82.4591
20241,estu_genero,estu_genero,character,1,TRUE,trimws,0.0012
20241,estu_inse_individual,estu_inse_individual,character,65418,TRUE,trimws,77.8119
20241,estu_nse_individual,estu_nse_individual,character,65418,TRUE,trimws,77.8119
20241,estu_nse_establecimiento,estu_nse_establecimiento,character,63442,TRUE,trimws,75.4615
20241,fami_estratovivienda,fami_estratovivienda,character,3138,TRUE,trimws,3.7325
20241,fami_educacionmadre,fami_educacionmadre,character,65416,TRUE,trimws,77.8095
20241,fami_educacionpadre,fami_educacionpadre,character,65396,TRUE,trimws,77.7857
20241,fami_tieneinternet,fami_tieneinternet,character,65442,TRUE,trimws,77.8404
20241,fami_tienecomputador,fami_tienecomputador,character,65184,TRUE,trimws,77.5335
20242,periodo,periodo,character,0,TRUE,trimws,0
20242,estu_consecutivo,estu_consecutivo,character,0,TRUE,trimws,0
20242,punt_global,punt_global,character,0,TRUE,trimws,0
20242,cole_cod_mcpio_ubicacion,cole_cod_mcpio_ubicacion,character,35139,TRUE,trimws,5.9313
20242,cole_cod_dane_sede,cole_cod_dane_sede,character,35139,TRUE,trimws,5.9313
20242,cole_cod_dane_establecimiento,cole_cod_dane_establecimiento,character,35139,TRUE,trimws,5.9313
20242,cole_cod_depto_ubicacion,cole_cod_depto_ubicacion,character,35139,TRUE,trimws,5.9313
20242,cole_depto_ubicacion,cole_depto_ubicacion,character,35139,TRUE,trimws,5.9313
20242,cole_mcpio_ubicacion,cole_mcpio_ubicacion,character,35139,TRUE,trimws,5.9313
20242,cole_nombre_sede,cole_nombre_sede,character,35139,TRUE,trimws,5.9313
20242,cole_nombre_establecimiento,cole_nombre_establecimiento,character,35139,TRUE,trimws,5.9313
20242,cole_sede_principal,cole_sede_principal,character,35139,TRUE,trimws,5.9313
20242,cole_area_ubicacion,cole_area_ubicacion,character,35139,TRUE,trimws,5.9313
20242,estu_estudiante,estu_estudiante,character,0,TRUE,trimws,0
20242,estu_grado,estu_grado,character,34046,TRUE,trimws,5.7468
20242,estu_agregado,estu_agregado,character,0,TRUE,trimws,0
20242,punt_matematicas,punt_matematicas,character,0,TRUE,trimws,0
20242,punt_lectura_critica,punt_lectura_critica,character,0,TRUE,trimws,0
20242,punt_c_naturales,punt_c_naturales,character,0,TRUE,trimws,0
20242,punt_sociales_ciudadanas,punt_sociales_ciudadanas,character,0,TRUE,trimws,0
20242,punt_ingles,punt_ingles,character,7158,TRUE,trimws,1.2082
20242,cole_naturaleza,cole_naturaleza,character,35139,TRUE,trimws,5.9313
20242,cole_jornada,cole_jornada,character,35139,TRUE,trimws,5.9313
20242,cole_calendario,cole_calendario,character,35139,TRUE,trimws,5.9313
20242,cole_caracter,cole_caracter,character,60643,TRUE,trimws,10.2362
20242,cole_genero,cole_genero,character,35139,TRUE,trimws,5.9313
20242,cole_bilingue,cole_bilingue,character,143852,TRUE,trimws,24.2814
20242,estu_genero,estu_genero,character,2,TRUE,trimws,3e-4
20242,estu_inse_individual,estu_inse_individual,character,95990,TRUE,trimws,16.2026
20242,estu_nse_individual,estu_nse_individual,character,95990,TRUE,trimws,16.2026
20242,estu_nse_establecimiento,estu_nse_establecimiento,character,35155,TRUE,trimws,5.934
20242,fami_estratovivienda,fami_estratovivienda,character,36379,TRUE,trimws,6.1406
20242,fami_educacionmadre,fami_educacionmadre,character,95174,TRUE,trimws,16.0649
20242,fami_educacionpadre,fami_educacionpadre,character,94865,TRUE,trimws,16.0127
20242,fami_tieneinternet,fami_tieneinternet,character,95255,TRUE,trimws,16.0785
20242,fami_tienecomputador,fami_tienecomputador,character,77303,TRUE,trimws,13.0483
20161,periodo,periodo,character,0,TRUE,trimws,0
20161,estu_consecutivo,estu_consecutivo,character,0,TRUE,trimws,0
20161,punt_global,punt_global,character,0,TRUE,trimws,0
20161,cole_cod_mcpio_ubicacion,cole_cod_mcpio_ubicacion,character,55571,TRUE,trimws,74.8693
20161,cole_cod_dane_sede,cole_cod_dane_sede,character,55571,TRUE,trimws,74.8693
20161,cole_cod_dane_establecimiento,cole_cod_dane_establecimiento,character,55571,TRUE,trimws,74.8693
20161,cole_cod_depto_ubicacion,cole_cod_depto_ubicacion,character,55571,TRUE,trimws,74.8693
20161,cole_depto_ubicacion,cole_depto_ubicacion,character,55571,TRUE,trimws,74.8693
20161,cole_mcpio_ubicacion,cole_mcpio_ubicacion,character,55571,TRUE,trimws,74.8693
20161,cole_nombre_sede,cole_nombre_sede,character,55571,TRUE,trimws,74.8693
20161,cole_nombre_establecimiento,cole_nombre_establecimiento,character,55571,TRUE,trimws,74.8693
20161,cole_sede_principal,cole_sede_principal,character,55571,TRUE,trimws,74.8693
20161,cole_area_ubicacion,cole_area_ubicacion,character,55571,TRUE,trimws,74.8693
20161,estu_estudiante,estu_estudiante,character,0,TRUE,trimws,0
20161,estu_grado,estu_grado,character,55565,TRUE,trimws,74.8612
20161,estu_agregado,estu_agregado,character,55571,TRUE,trimws,74.8693
20161,punt_matematicas,punt_matematicas,character,0,TRUE,trimws,0
20161,punt_lectura_critica,punt_lectura_critica,character,0,TRUE,trimws,0
20161,punt_c_naturales,punt_c_naturales,character,0,TRUE,trimws,0
20161,punt_sociales_ciudadanas,punt_sociales_ciudadanas,character,0,TRUE,trimws,0
20161,punt_ingles,punt_ingles,character,0,TRUE,trimws,0
20161,cole_naturaleza,cole_naturaleza,character,55571,TRUE,trimws,74.8693
20161,cole_jornada,cole_jornada,character,55571,TRUE,trimws,74.8693
20161,cole_calendario,cole_calendario,character,55571,TRUE,trimws,74.8693
20161,cole_caracter,cole_caracter,character,55808,TRUE,trimws,75.1886
20161,cole_genero,cole_genero,character,55571,TRUE,trimws,74.8693
20161,cole_bilingue,cole_bilingue,character,57811,TRUE,trimws,77.887200000000007
20161,estu_genero,estu_genero,character,121,TRUE,trimws,0.163
20161,estu_inse_individual,estu_inse_individual,character,57034,TRUE,trimws,76.8404
20161,estu_nse_individual,estu_nse_individual,character,57034,TRUE,trimws,76.8404
20161,estu_nse_establecimiento,estu_nse_establecimiento,character,55590,TRUE,trimws,74.8949
20161,fami_estratovivienda,fami_estratovivienda,character,163,TRUE,trimws,0.2196
20161,fami_educacionmadre,fami_educacionmadre,character,1774,TRUE,trimws,2.3901
20161,fami_educacionpadre,fami_educacionpadre,character,1774,TRUE,trimws,2.3901
20161,fami_tieneinternet,fami_tieneinternet,character,1774,TRUE,trimws,2.3901
20161,fami_tienecomputador,fami_tienecomputador,character,1774,TRUE,trimws,2.3901
20162,periodo,periodo,character,0,TRUE,trimws,0
20162,estu_consecutivo,estu_consecutivo,character,0,TRUE,trimws,0
20162,punt_global,punt_global,character,0,TRUE,trimws,0
20162,cole_cod_mcpio_ubicacion,cole_cod_mcpio_ubicacion,character,34922,TRUE,trimws,5.9231
20162,cole_cod_dane_sede,cole_cod_dane_sede,character,34922,TRUE,trimws,5.9231
20162,cole_cod_dane_establecimiento,cole_cod_dane_establecimiento,character,34922,TRUE,trimws,5.9231
20162,cole_cod_depto_ubicacion,cole_cod_depto_ubicacion,character,34922,TRUE,trimws,5.9231
20162,cole_depto_ubicacion,cole_depto_ubicacion,character,34922,TRUE,trimws,5.9231
20162,cole_mcpio_ubicacion,cole_mcpio_ubicacion,character,34922,TRUE,trimws,5.9231
20162,cole_nombre_sede,cole_nombre_sede,character,34922,TRUE,trimws,5.9231
20162,cole_nombre_establecimiento,cole_nombre_establecimiento,character,34922,TRUE,trimws,5.9231
20162,cole_sede_principal,cole_sede_principal,character,34922,TRUE,trimws,5.9231
20162,cole_area_ubicacion,cole_area_ubicacion,character,34922,TRUE,trimws,5.9231
20162,estu_estudiante,estu_estudiante,character,0,TRUE,trimws,0
20162,estu_grado,estu_grado,character,32868,TRUE,trimws,5.5747
20162,estu_agregado,estu_agregado,character,0,TRUE,trimws,0
20162,punt_matematicas,punt_matematicas,character,0,TRUE,trimws,0
20162,punt_lectura_critica,punt_lectura_critica,character,0,TRUE,trimws,0
20162,punt_c_naturales,punt_c_naturales,character,0,TRUE,trimws,0
20162,punt_sociales_ciudadanas,punt_sociales_ciudadanas,character,0,TRUE,trimws,0
20162,punt_ingles,punt_ingles,character,0,TRUE,trimws,0
20162,cole_naturaleza,cole_naturaleza,character,34922,TRUE,trimws,5.9231
20162,cole_jornada,cole_jornada,character,34923,TRUE,trimws,5.9232
20162,cole_calendario,cole_calendario,character,34922,TRUE,trimws,5.9231
20162,cole_caracter,cole_caracter,character,40250,TRUE,trimws,6.8267
20162,cole_genero,cole_genero,character,34922,TRUE,trimws,5.9231
20162,cole_bilingue,cole_bilingue,character,107365,TRUE,trimws,18.21
20162,estu_genero,estu_genero,character,13,TRUE,trimws,0.0022
20162,estu_inse_individual,estu_inse_individual,character,37430,TRUE,trimws,6.3484
20162,estu_nse_individual,estu_nse_individual,character,37430,TRUE,trimws,6.3484
20162,estu_nse_establecimiento,estu_nse_establecimiento,character,35992,TRUE,trimws,6.1046
20162,fami_estratovivienda,fami_estratovivienda,character,4674,TRUE,trimws,0.7928
20162,fami_educacionmadre,fami_educacionmadre,character,4675,TRUE,trimws,0.7929
20162,fami_educacionpadre,fami_educacionpadre,character,4676,TRUE,trimws,0.7931
20162,fami_tieneinternet,fami_tieneinternet,character,4676,TRUE,trimws,0.7931
20162,fami_tienecomputador,fami_tienecomputador,character,4676,TRUE,trimws,0.7931
20171,periodo,periodo,character,0,TRUE,trimws,0
20171,estu_consecutivo,estu_consecutivo,character,0,TRUE,trimws,0
20171,punt_global,punt_global,character,0,TRUE,trimws,0
20171,cole_cod_mcpio_ubicacion,cole_cod_mcpio_ubicacion,character,64930,TRUE,trimws,76.2546
20171,cole_cod_dane_sede,cole_cod_dane_sede,character,64930,TRUE,trimws,76.2546
20171,cole_cod_dane_establecimiento,cole_cod_dane_establecimiento,character,64930,TRUE,trimws,76.2546
20171,cole_cod_depto_ubicacion,cole_cod_depto_ubicacion,character,64930,TRUE,trimws,76.2546
20171,cole_depto_ubicacion,cole_depto_ubicacion,character,64930,TRUE,trimws,76.2546
20171,cole_mcpio_ubicacion,cole_mcpio_ubicacion,character,64930,TRUE,trimws,76.2546
20171,cole_nombre_sede,cole_nombre_sede,character,64930,TRUE,trimws,76.2546
20171,cole_nombre_establecimiento,cole_nombre_establecimiento,character,64930,TRUE,trimws,76.2546
20171,cole_sede_principal,cole_sede_principal,character,64930,TRUE,trimws,76.2546
20171,cole_area_ubicacion,cole_area_ubicacion,character,64930,TRUE,trimws,76.2546
20171,estu_estudiante,estu_estudiante,character,0,TRUE,trimws,0
20171,estu_grado,estu_grado,character,64930,TRUE,trimws,76.2546
20171,estu_agregado,estu_agregado,character,64949,TRUE,trimws,76.2769
20171,punt_matematicas,punt_matematicas,character,0,TRUE,trimws,0
20171,punt_lectura_critica,punt_lectura_critica,character,0,TRUE,trimws,0
20171,punt_c_naturales,punt_c_naturales,character,0,TRUE,trimws,0
20171,punt_sociales_ciudadanas,punt_sociales_ciudadanas,character,0,TRUE,trimws,0
20171,punt_ingles,punt_ingles,character,0,TRUE,trimws,0
20171,cole_naturaleza,cole_naturaleza,character,64930,TRUE,trimws,76.2546
20171,cole_jornada,cole_jornada,character,64930,TRUE,trimws,76.2546
20171,cole_calendario,cole_calendario,character,64930,TRUE,trimws,76.2546
20171,cole_caracter,cole_caracter,character,65496,TRUE,trimws,76.9193
20171,cole_genero,cole_genero,character,64930,TRUE,trimws,76.2546
20171,cole_bilingue,cole_bilingue,character,68047,TRUE,trimws,79.9152
20171,estu_genero,estu_genero,character,1,TRUE,trimws,0.0012
20171,estu_inse_individual,estu_inse_individual,character,65869,TRUE,trimws,77.3573
20171,estu_nse_individual,estu_nse_individual,character,65869,TRUE,trimws,77.3573
20171,estu_nse_establecimiento,estu_nse_establecimiento,character,65062,TRUE,trimws,76.4096
20171,fami_estratovivienda,fami_estratovivienda,character,65996,TRUE,trimws,77.5065
20171,fami_educacionmadre,fami_educacionmadre,character,65997,TRUE,trimws,77.5077
20171,fami_educacionpadre,fami_educacionpadre,character,66009,TRUE,trimws,77.5218
20171,fami_tieneinternet,fami_tieneinternet,character,65999,TRUE,trimws,77.51
20171,fami_tienecomputador,fami_tienecomputador,character,66089,TRUE,trimws,77.6157
20172,periodo,periodo,character,0,TRUE,trimws,0
20172,estu_consecutivo,estu_consecutivo,character,0,TRUE,trimws,0
20172,punt_global,punt_global,character,0,TRUE,trimws,0
20172,cole_cod_mcpio_ubicacion,cole_cod_mcpio_ubicacion,character,38942,TRUE,trimws,6.5892
20172,cole_cod_dane_sede,cole_cod_dane_sede,character,38942,TRUE,trimws,6.5892
20172,cole_cod_dane_establecimiento,cole_cod_dane_establecimiento,character,38942,TRUE,trimws,6.5892
20172,cole_cod_depto_ubicacion,cole_cod_depto_ubicacion,character,38942,TRUE,trimws,6.5892
20172,cole_depto_ubicacion,cole_depto_ubicacion,character,38942,TRUE,trimws,6.5892
20172,cole_mcpio_ubicacion,cole_mcpio_ubicacion,character,38942,TRUE,trimws,6.5892
20172,cole_nombre_sede,cole_nombre_sede,character,38942,TRUE,trimws,6.5892
20172,cole_nombre_establecimiento,cole_nombre_establecimiento,character,38942,TRUE,trimws,6.5892
20172,cole_sede_principal,cole_sede_principal,character,38942,TRUE,trimws,6.5892
20172,cole_area_ubicacion,cole_area_ubicacion,character,38942,TRUE,trimws,6.5892
20172,estu_estudiante,estu_estudiante,character,0,TRUE,trimws,0
20172,estu_grado,estu_grado,character,37285,TRUE,trimws,6.3088
20172,estu_agregado,estu_agregado,character,38920,TRUE,trimws,6.5855
20172,punt_matematicas,punt_matematicas,character,0,TRUE,trimws,0
20172,punt_lectura_critica,punt_lectura_critica,character,0,TRUE,trimws,0
20172,punt_c_naturales,punt_c_naturales,character,0,TRUE,trimws,0
20172,punt_sociales_ciudadanas,punt_sociales_ciudadanas,character,0,TRUE,trimws,0
20172,punt_ingles,punt_ingles,character,0,TRUE,trimws,0
20172,cole_naturaleza,cole_naturaleza,character,38942,TRUE,trimws,6.5892
20172,cole_jornada,cole_jornada,character,38961,TRUE,trimws,6.5924
20172,cole_calendario,cole_calendario,character,38942,TRUE,trimws,6.5892
20172,cole_caracter,cole_caracter,character,48019,TRUE,trimws,8.1251
20172,cole_genero,cole_genero,character,38942,TRUE,trimws,6.5892
20172,cole_bilingue,cole_bilingue,character,117909,TRUE,trimws,19.9509
20172,estu_genero,estu_genero,character,12,TRUE,trimws,0.002
20172,estu_inse_individual,estu_inse_individual,character,50246,TRUE,trimws,8.5019
20172,estu_nse_individual,estu_nse_individual,character,50246,TRUE,trimws,8.5019
20172,estu_nse_establecimiento,estu_nse_establecimiento,character,40688,TRUE,trimws,6.8846
20172,fami_estratovivienda,fami_estratovivienda,character,70568,TRUE,trimws,11.9405
20172,fami_educacionmadre,fami_educacionmadre,character,67668,TRUE,trimws,11.4498
20172,fami_educacionpadre,fami_educacionpadre,character,67660,TRUE,trimws,11.4485
20172,fami_tieneinternet,fami_tieneinternet,character,68566,TRUE,trimws,11.6018
20172,fami_tienecomputador,fami_tienecomputador,character,52023,TRUE,trimws,8.8026
20181,periodo,periodo,character,0,TRUE,trimws,0
20181,estu_consecutivo,estu_consecutivo,character,0,TRUE,trimws,0
20181,punt_global,punt_global,character,0,TRUE,trimws,0
20181,cole_cod_mcpio_ubicacion,cole_cod_mcpio_ubicacion,character,46056,TRUE,trimws,69.9365
20181,cole_cod_dane_sede,cole_cod_dane_sede,character,46056,TRUE,trimws,69.9365
20181,cole_cod_dane_establecimiento,cole_cod_dane_establecimiento,character,46056,TRUE,trimws,69.9365
20181,cole_cod_depto_ubicacion,cole_cod_depto_ubicacion,character,46056,TRUE,trimws,69.9365
20181,cole_depto_ubicacion,cole_depto_ubicacion,character,46056,TRUE,trimws,69.9365
20181,cole_mcpio_ubicacion,cole_mcpio_ubicacion,character,46056,TRUE,trimws,69.9365
20181,cole_nombre_sede,cole_nombre_sede,character,46056,TRUE,trimws,69.9365
20181,cole_nombre_establecimiento,cole_nombre_establecimiento,character,46056,TRUE,trimws,69.9365
20181,cole_sede_principal,cole_sede_principal,character,46056,TRUE,trimws,69.9365
20181,cole_area_ubicacion,cole_area_ubicacion,character,46056,TRUE,trimws,69.9365
20181,estu_estudiante,estu_estudiante,character,0,TRUE,trimws,0
20181,estu_grado,estu_grado,character,46016,TRUE,trimws,69.8758
20181,estu_agregado,estu_agregado,character,0,TRUE,trimws,0
20181,punt_matematicas,punt_matematicas,character,0,TRUE,trimws,0
20181,punt_lectura_critica,punt_lectura_critica,character,0,TRUE,trimws,0
20181,punt_c_naturales,punt_c_naturales,character,0,TRUE,trimws,0
20181,punt_sociales_ciudadanas,punt_sociales_ciudadanas,character,0,TRUE,trimws,0
20181,punt_ingles,punt_ingles,character,0,TRUE,trimws,0
20181,cole_naturaleza,cole_naturaleza,character,46056,TRUE,trimws,69.9365
20181,cole_jornada,cole_jornada,character,46056,TRUE,trimws,69.9365
20181,cole_calendario,cole_calendario,character,46056,TRUE,trimws,69.9365
20181,cole_caracter,cole_caracter,character,47206,TRUE,trimws,71.6828
20181,cole_genero,cole_genero,character,46056,TRUE,trimws,69.9365
20181,cole_bilingue,cole_bilingue,character,49487,TRUE,trimws,75.1465
20181,estu_genero,estu_genero,character,0,TRUE,trimws,0
20181,estu_inse_individual,estu_inse_individual,character,46874,TRUE,trimws,71.1787
20181,estu_nse_individual,estu_nse_individual,character,46874,TRUE,trimws,71.1787
20181,estu_nse_establecimiento,estu_nse_establecimiento,character,46266,TRUE,trimws,70.2554
20181,fami_estratovivienda,fami_estratovivienda,character,47420,TRUE,trimws,72.0078
20181,fami_educacionmadre,fami_educacionmadre,character,47381,TRUE,trimws,71.9486
20181,fami_educacionpadre,fami_educacionpadre,character,47377,TRUE,trimws,71.9425
20181,fami_tieneinternet,fami_tieneinternet,character,47395,TRUE,trimws,71.9698
20181,fami_tienecomputador,fami_tienecomputador,character,46666,TRUE,trimws,70.8628
20182,periodo,periodo,character,0,TRUE,trimws,0
20182,estu_consecutivo,estu_consecutivo,character,0,TRUE,trimws,0
20182,punt_global,punt_global,character,0,TRUE,trimws,0
20182,cole_cod_mcpio_ubicacion,cole_cod_mcpio_ubicacion,character,53817,TRUE,trimws,8.835
20182,cole_cod_dane_sede,cole_cod_dane_sede,character,53817,TRUE,trimws,8.835
20182,cole_cod_dane_establecimiento,cole_cod_dane_establecimiento,character,53817,TRUE,trimws,8.835
20182,cole_cod_depto_ubicacion,cole_cod_depto_ubicacion,character,53817,TRUE,trimws,8.835
20182,cole_depto_ubicacion,cole_depto_ubicacion,character,53817,TRUE,trimws,8.835
20182,cole_mcpio_ubicacion,cole_mcpio_ubicacion,character,53817,TRUE,trimws,8.835
20182,cole_nombre_sede,cole_nombre_sede,character,53817,TRUE,trimws,8.835
20182,cole_nombre_establecimiento,cole_nombre_establecimiento,character,53817,TRUE,trimws,8.835
20182,cole_sede_principal,cole_sede_principal,character,53817,TRUE,trimws,8.835
20182,cole_area_ubicacion,cole_area_ubicacion,character,53817,TRUE,trimws,8.835
20182,estu_estudiante,estu_estudiante,character,0,TRUE,trimws,0
20182,estu_grado,estu_grado,character,52306,TRUE,trimws,8.5869
20182,estu_agregado,estu_agregado,character,1,TRUE,trimws,2e-4
20182,punt_matematicas,punt_matematicas,character,0,TRUE,trimws,0
20182,punt_lectura_critica,punt_lectura_critica,character,0,TRUE,trimws,0
20182,punt_c_naturales,punt_c_naturales,character,0,TRUE,trimws,0
20182,punt_sociales_ciudadanas,punt_sociales_ciudadanas,character,0,TRUE,trimws,0
20182,punt_ingles,punt_ingles,character,1446,TRUE,trimws,0.2374
20182,cole_naturaleza,cole_naturaleza,character,53817,TRUE,trimws,8.835
20182,cole_jornada,cole_jornada,character,53836,TRUE,trimws,8.8381
20182,cole_calendario,cole_calendario,character,53817,TRUE,trimws,8.835
20182,cole_caracter,cole_caracter,character,65718,TRUE,trimws,10.7887
20182,cole_genero,cole_genero,character,53817,TRUE,trimws,8.835
20182,cole_bilingue,cole_bilingue,character,138036,TRUE,trimws,22.6609
20182,estu_genero,estu_genero,character,22,TRUE,trimws,0.0036
20182,estu_inse_individual,estu_inse_individual,character,72176,TRUE,trimws,11.8489
20182,estu_nse_individual,estu_nse_individual,character,72176,TRUE,trimws,11.8489
20182,estu_nse_establecimiento,estu_nse_establecimiento,character,55730,TRUE,trimws,9.149
20182,fami_estratovivienda,fami_estratovivienda,character,94691,TRUE,trimws,15.5451
20182,fami_educacionmadre,fami_educacionmadre,character,90788,TRUE,trimws,14.9044
20182,fami_educacionpadre,fami_educacionpadre,character,90978,TRUE,trimws,14.9356
20182,fami_tieneinternet,fami_tieneinternet,character,91215,TRUE,trimws,14.9745
20182,fami_tienecomputador,fami_tienecomputador,character,74743,TRUE,trimws,12.2703
20191,periodo,periodo,character,0,TRUE,trimws,0
20191,estu_consecutivo,estu_consecutivo,character,0,TRUE,trimws,0
20191,punt_global,punt_global,character,0,TRUE,trimws,0
20191,cole_cod_mcpio_ubicacion,cole_cod_mcpio_ubicacion,character,44762,TRUE,trimws,67.7145
20191,cole_cod_dane_sede,cole_cod_dane_sede,character,44762,TRUE,trimws,67.7145
20191,cole_cod_dane_establecimiento,cole_cod_dane_establecimiento,character,44762,TRUE,trimws,67.7145
20191,cole_cod_depto_ubicacion,cole_cod_depto_ubicacion,character,44762,TRUE,trimws,67.7145
20191,cole_depto_ubicacion,cole_depto_ubicacion,character,44762,TRUE,trimws,67.7145
20191,cole_mcpio_ubicacion,cole_mcpio_ubicacion,character,44762,TRUE,trimws,67.7145
20191,cole_nombre_sede,cole_nombre_sede,character,44762,TRUE,trimws,67.7145
20191,cole_nombre_establecimiento,cole_nombre_establecimiento,character,44762,TRUE,trimws,67.7145
20191,cole_sede_principal,cole_sede_principal,character,44762,TRUE,trimws,67.7145
20191,cole_area_ubicacion,cole_area_ubicacion,character,44762,TRUE,trimws,67.7145
20191,estu_estudiante,estu_estudiante,character,0,TRUE,trimws,0
20191,estu_grado,estu_grado,character,44777,TRUE,trimws,67.7372
20191,estu_agregado,estu_agregado,character,0,TRUE,trimws,0
20191,punt_matematicas,punt_matematicas,character,0,TRUE,trimws,0
20191,punt_lectura_critica,punt_lectura_critica,character,0,TRUE,trimws,0
20191,punt_c_naturales,punt_c_naturales,character,0,TRUE,trimws,0
20191,punt_sociales_ciudadanas,punt_sociales_ciudadanas,character,0,TRUE,trimws,0
20191,punt_ingles,punt_ingles,character,116,TRUE,trimws,0.1755
20191,cole_naturaleza,cole_naturaleza,character,44762,TRUE,trimws,67.7145
20191,cole_jornada,cole_jornada,character,44762,TRUE,trimws,67.7145
20191,cole_calendario,cole_calendario,character,44762,TRUE,trimws,67.7145
20191,cole_caracter,cole_caracter,character,46395,TRUE,trimws,70.1849
20191,cole_genero,cole_genero,character,44762,TRUE,trimws,67.7145
20191,cole_bilingue,cole_bilingue,character,48946,TRUE,trimws,74.0439
20191,estu_genero,estu_genero,character,6,TRUE,trimws,0.0091
20191,estu_inse_individual,estu_inse_individual,character,45580,TRUE,trimws,68.952
20191,estu_nse_individual,estu_nse_individual,character,45580,TRUE,trimws,68.952
20191,estu_nse_establecimiento,estu_nse_establecimiento,character,44766,TRUE,trimws,67.7206
20191,fami_estratovivienda,fami_estratovivienda,character,46168,TRUE,trimws,69.8415
20191,fami_educacionmadre,fami_educacionmadre,character,46071,TRUE,trimws,69.6947
20191,fami_educacionpadre,fami_educacionpadre,character,46088,TRUE,trimws,69.7204
20191,fami_tieneinternet,fami_tieneinternet,character,46122,TRUE,trimws,69.7719
20191,fami_tienecomputador,fami_tienecomputador,character,45587,TRUE,trimws,68.9625
20192,periodo,periodo,character,0,TRUE,trimws,0
20192,estu_consecutivo,estu_consecutivo,character,0,TRUE,trimws,0
20192,punt_global,punt_global,character,0,TRUE,trimws,0
20192,cole_cod_mcpio_ubicacion,cole_cod_mcpio_ubicacion,character,60020,TRUE,trimws,9.7627
20192,cole_cod_dane_sede,cole_cod_dane_sede,character,60020,TRUE,trimws,9.7627
20192,cole_cod_dane_establecimiento,cole_cod_dane_establecimiento,character,60020,TRUE,trimws,9.7627
20192,cole_cod_depto_ubicacion,cole_cod_depto_ubicacion,character,60020,TRUE,trimws,9.7627
20192,cole_depto_ubicacion,cole_depto_ubicacion,character,60020,TRUE,trimws,9.7627
20192,cole_mcpio_ubicacion,cole_mcpio_ubicacion,character,60020,TRUE,trimws,9.7627
20192,cole_nombre_sede,cole_nombre_sede,character,60020,TRUE,trimws,9.7627
20192,cole_nombre_establecimiento,cole_nombre_establecimiento,character,60020,TRUE,trimws,9.7627
20192,cole_sede_principal,cole_sede_principal,character,60020,TRUE,trimws,9.7627
20192,cole_area_ubicacion,cole_area_ubicacion,character,60020,TRUE,trimws,9.7627
20192,estu_estudiante,estu_estudiante,character,0,TRUE,trimws,0
20192,estu_grado,estu_grado,character,58222,TRUE,trimws,9.4702
20192,estu_agregado,estu_agregado,character,7,TRUE,trimws,0.0011
20192,punt_matematicas,punt_matematicas,character,0,TRUE,trimws,0
20192,punt_lectura_critica,punt_lectura_critica,character,0,TRUE,trimws,0
20192,punt_c_naturales,punt_c_naturales,character,0,TRUE,trimws,0
20192,punt_sociales_ciudadanas,punt_sociales_ciudadanas,character,0,TRUE,trimws,0
20192,punt_ingles,punt_ingles,character,2894,TRUE,trimws,0.4707
20192,cole_naturaleza,cole_naturaleza,character,60020,TRUE,trimws,9.7627
20192,cole_jornada,cole_jornada,character,60023,TRUE,trimws,9.7632
20192,cole_calendario,cole_calendario,character,60020,TRUE,trimws,9.7627
20192,cole_caracter,cole_caracter,character,75008,TRUE,trimws,12.2006
20192,cole_genero,cole_genero,character,60020,TRUE,trimws,9.7627
20192,cole_bilingue,cole_bilingue,character,149158,TRUE,trimws,24.2617
20192,estu_genero,estu_genero,character,153,TRUE,trimws,0.0249
20192,estu_inse_individual,estu_inse_individual,character,77174,TRUE,trimws,12.5529
20192,estu_nse_individual,estu_nse_individual,character,77174,TRUE,trimws,12.5529
20192,estu_nse_establecimiento,estu_nse_establecimiento,character,61402,TRUE,trimws,9.9875
20192,fami_estratovivienda,fami_estratovivienda,character,94880,TRUE,trimws,15.4329
20192,fami_educacionmadre,fami_educacionmadre,character,90695,TRUE,trimws,14.7522
20192,fami_educacionpadre,fami_educacionpadre,character,90849,TRUE,trimws,14.7773
20192,fami_tieneinternet,fami_tieneinternet,character,91295,TRUE,trimws,14.8498
20192,fami_tienecomputador,fami_tienecomputador,character,77123,TRUE,trimws,12.5446
20201,periodo,periodo,character,0,TRUE,trimws,0
20201,estu_consecutivo,estu_consecutivo,character,0,TRUE,trimws,0
20201,punt_global,punt_global,character,0,TRUE,trimws,0
20201,cole_cod_mcpio_ubicacion,cole_cod_mcpio_ubicacion,character,30786,TRUE,trimws,66.6061
20201,cole_cod_dane_sede,cole_cod_dane_sede,character,30786,TRUE,trimws,66.6061
20201,cole_cod_dane_establecimiento,cole_cod_dane_establecimiento,character,30786,TRUE,trimws,66.6061
20201,cole_cod_depto_ubicacion,cole_cod_depto_ubicacion,character,30786,TRUE,trimws,66.6061
20201,cole_depto_ubicacion,cole_depto_ubicacion,character,30786,TRUE,trimws,66.6061
20201,cole_mcpio_ubicacion,cole_mcpio_ubicacion,character,30786,TRUE,trimws,66.6061
20201,cole_nombre_sede,cole_nombre_sede,character,30786,TRUE,trimws,66.6061
20201,cole_nombre_establecimiento,cole_nombre_establecimiento,character,30786,TRUE,trimws,66.6061
20201,cole_sede_principal,cole_sede_principal,character,30786,TRUE,trimws,66.6061
20201,cole_area_ubicacion,cole_area_ubicacion,character,30786,TRUE,trimws,66.6061
20201,estu_estudiante,estu_estudiante,character,0,TRUE,trimws,0
20201,estu_grado,estu_grado,character,30646,TRUE,trimws,66.3032
20201,estu_agregado,estu_agregado,character,0,TRUE,trimws,0
20201,punt_matematicas,punt_matematicas,character,0,TRUE,trimws,0
20201,punt_lectura_critica,punt_lectura_critica,character,0,TRUE,trimws,0
20201,punt_c_naturales,punt_c_naturales,character,0,TRUE,trimws,0
20201,punt_sociales_ciudadanas,punt_sociales_ciudadanas,character,0,TRUE,trimws,0
20201,punt_ingles,punt_ingles,character,69,TRUE,trimws,0.1493
20201,cole_naturaleza,cole_naturaleza,character,30786,TRUE,trimws,66.6061
20201,cole_jornada,cole_jornada,character,30786,TRUE,trimws,66.6061
20201,cole_calendario,cole_calendario,character,30786,TRUE,trimws,66.6061
20201,cole_caracter,cole_caracter,character,31714,TRUE,trimws,68.6138
20201,cole_genero,cole_genero,character,30786,TRUE,trimws,66.6061
20201,cole_bilingue,cole_bilingue,character,33403,TRUE,trimws,72.268
20201,estu_genero,estu_genero,character,5,TRUE,trimws,0.0108
20201,estu_inse_individual,estu_inse_individual,character,31398,TRUE,trimws,67.9302
20201,estu_nse_individual,estu_nse_individual,character,31398,TRUE,trimws,67.9302
20201,estu_nse_establecimiento,estu_nse_establecimiento,character,30791,TRUE,trimws,66.6169
20201,fami_estratovivienda,fami_estratovivienda,character,32267,TRUE,trimws,69.8103
20201,fami_educacionmadre,fami_educacionmadre,character,32253,TRUE,trimws,69.78
20201,fami_educacionpadre,fami_educacionpadre,character,32258,TRUE,trimws,69.7908
20201,fami_tieneinternet,fami_tieneinternet,character,32240,TRUE,trimws,69.7518
20201,fami_tienecomputador,fami_tienecomputador,character,32131,TRUE,trimws,69.516
