periodo,filas,consecutivos_faltantes,llaves_duplicadas,discrepancias_periodo,estado
20202,556891,0,0,0,PASS
20211,58708,0,0,0,PASS
20212,606030,0,0,0,PASS
20221,73795,0,0,0,PASS
20222,589183,0,0,0,PASS
20231,77555,0,0,0,PASS
20232,602093,0,0,0,PASS
20241,84072,0,0,0,PASS
20242,592436,0,0,0,PASS
20161,74224,0,0,0,PASS
20162,589593,0,0,0,PASS
20171,85149,0,0,0,PASS
20172,590996,0,0,0,PASS
20181,65854,0,0,0,PASS
20182,609136,0,0,0,PASS
20191,66104,0,0,0,PASS
20192,614789,0,0,0,PASS
20201,46221,0,0,0,PASS
