periodo,variable_puntaje,obs_no_faltantes,obs_validas,obs_fuera_de_rango,media_nacional,sd_nacional,media_sin_rango,sd_sin_rango,media_z,sd_z,poblacion_referencia,estado
20202,punt_global,556891,556891,0,248.4229247734339,49.360443141647245,248.4229247734339,49.360443141647245,-8.822924719299377e-14,1.0000000000001799,nacional_periodo_punt_global_valido,PASS
20211,punt_global,58708,58708,0,274.58109627307397,59.612884488851364,274.58109627307397,59.612884488851364,1.0682007484195892e-13,0.9999999999999758,nacional_periodo_punt_global_valido,PASS
20212,punt_global,606030,606030,0,246.9306304968433,51.35841177513127,246.9306304968433,51.35841177513127,-6.212735839079087e-14,1.0000000000002676,nacional_periodo_punt_global_valido,PASS
20221,punt_global,73795,73795,0,267.89904465072004,58.049869296086726,267.89904465072004,58.049869296086726,2.6980155279697168e-14,0.999999999999978,nacional_periodo_punt_global_valido,PASS
20222,punt_global,589183,589183,0,250.37203211905347,52.38216429490459,250.37203211905347,52.38216429490459,-8.91348940323282e-15,0.9999999999995302,nacional_periodo_punt_global_valido,PASS
20231,punt_global,77555,77555,0,262.72766423827494,57.54657537482022,262.72766423827494,57.54657537482022,1.313525925396704e-13,1.0000000000000544,nacional_periodo_punt_global_valido,PASS
20232,punt_global,602093,602093,0,252.148782663137,51.61358497003198,252.148782663137,51.61358497003198,1.247259636123495e-13,0.9999999999997522,nacional_periodo_punt_global_valido,PASS
20241,punt_global,84072,84072,0,265.5653011704328,59.410426572357665,265.5653011704328,59.410426572357665,-1.2515822319814143e-13,0.9999999999999852,nacional_periodo_punt_global_valido,PASS
20242,punt_global,592436,592436,0,253.9402990365245,53.46114919779099,253.9402990365245,53.46114919779099,-7.802132268529879e-14,1.0000000000004068,nacional_periodo_punt_global_valido,PASS
20161,punt_global,74224,74224,0,274.8530394481611,55.84945255762882,274.8530394481611,55.84945255762882,-7.47484665000778e-14,1.000000000000014,nacional_periodo_punt_global_valido,PASS
20162,punt_global,589593,589593,0,258.43905202402317,47.61433078871214,258.43905202402317,47.61433078871214,1.3689438382148585e-15,1.0000000000005236,nacional_periodo_punt_global_valido,PASS
20171,punt_global,85149,85149,0,265.40061539184,53.767447108626286,265.40061539184,53.767447108626286,4.537023416809087e-14,0.9999999999999271,nacional_periodo_punt_global_valido,PASS
20172,punt_global,590996,590996,0,255.70147513688946,48.82633233844144,255.70147513688946,48.82633233844144,-3.818621576182592e-14,0.9999999999995931,nacional_periodo_punt_global_valido,PASS
20181,punt_global,65854,65854,0,279.3948583229603,54.72530212645166,279.3948583229603,54.72530212645166,-6.368833307857965e-14,1.0000000000000078,nacional_periodo_punt_global_valido,PASS
20182,punt_global,609136,609136,0,251.17635963069242,50.34907376191927,251.17635963069242,50.34907376191927,-4.9566561036001376e-14,0.9999999999997901,nacional_periodo_punt_global_valido,PASS
20191,punt_global,66104,66104,0,271.9178567106349,58.47118370714336,271.9178567106349,58.47118370714336,4.8927778438307864e-14,0.9999999999999799,nacional_periodo_punt_global_valido,PASS
20192,punt_global,614789,614789,0,246.2193842114935,51.62994299758546,246.2193842114935,51.62994299758546,3.936833158725399e-15,0.9999999999999868,nacional_periodo_punt_global_valido,PASS
20201,punt_global,46221,46221,0,274.5788710759213,57.18956001848627,274.5788710759213,57.18956001848627,-6.162596017098859e-14,0.9999999999999665,nacional_periodo_punt_global_valido,PASS
