periodo,tipo_codigo,total,faltantes,longitud_valida,longitud_invalida,caracteres_no_numericos,codigos_distintos,ejemplos_anomalos
20202,sede,556891,42746,514145,0,0,11075,
20202,establecimiento,556891,42746,514145,0,0,10200,
20211,sede,58708,43126,15582,0,0,608,
20211,establecimiento,58708,43126,15582,0,0,608,
20212,sede,606030,64548,541482,0,0,11253,
20212,establecimiento,606030,64548,541482,0,0,10293,
20221,sede,73795,53746,20049,0,0,824,
20221,establecimiento,73795,53746,20049,0,0,824,
20222,sede,589183,45477,543706,0,0,11402,
20222,establecimiento,589183,45477,543706,0,0,10380,
20231,sede,77555,56903,20652,0,0,823,
20231,establecimiento,77555,56903,20652,0,0,823,
20232,sede,602093,39179,562913,1,0,11602,1
20232,establecimiento,602093,39179,562913,1,0,10508,1
20241,sede,84072,63442,20630,0,0,879,
20241,establecimiento,84072,63442,20630,0,0,879,
20242,sede,592436,35139,557297,0,0,11750,
20242,establecimiento,592436,35139,557297,0,0,10602,
20161,sede,74224,55571,18653,0,0,584,
20161,establecimiento,74224,55571,18653,0,0,584,
20162,sede,589593,34922,554671,0,0,10012,
20162,establecimiento,589593,34922,554671,0,0,9716,
20171,sede,85149,64930,20219,0,0,731,
20171,establecimiento,85149,64930,20219,0,0,731,
20172,sede,590996,38942,552054,0,0,10559,
20172,establecimiento,590996,38942,552054,0,0,9965,
20181,sede,65854,46056,19798,0,0,746,
20181,establecimiento,65854,46056,19798,0,0,746,
20182,sede,609136,53817,555319,0,0,10674,
20182,establecimiento,609136,53817,555319,0,0,10016,
20191,sede,66104,44762,21342,0,0,802,
20191,establecimiento,66104,44762,21342,0,0,801,
20192,sede,614789,60020,554769,0,0,10947,
20192,establecimiento,614789,60020,554769,0,0,10168,
20201,sede,46221,30786,15435,0,0,606,
20201,establecimiento,46221,30786,15435,0,0,606,
