periodo,total_nacional,punt_global_no_faltante,punt_global_valido,bogota_regla_municipio,bogota_regla_departamento,bogota_regla_texto,discrepancia_mcpio_depto,discrepancia_mcpio_texto,bogota_punt_valido,bogota_total,dane_sede_valido,match_exacto_catalogo,coordenada_valida,muestra_principal,excluidos,motivos_exclusion
20202,556891,556891,556891,78367,78367,78367,0,0,78367,78367,78367,76608,76608,76608,1759,pending_manual_review=27; valid_code_not_in_catalog=1732
20211,58708,58708,58708,3278,3278,3278,0,0,3278,3278,3278,3224,3224,3224,54,valid_code_not_in_catalog=54
20212,606030,606030,606030,80333,80333,80333,0,0,80333,80333,80333,79260,79260,79260,1073,pending_manual_review=12; valid_code_not_in_catalog=1061
20221,73795,73795,73795,4888,4888,4888,0,0,4888,4888,4888,4564,4564,4564,324,valid_code_not_in_catalog=324
20222,589183,589183,589183,78181,78181,78181,0,0,78181,78181,78181,77172,77172,77172,1009,pending_manual_review=4; valid_code_not_in_catalog=1005
20231,77555,77555,77555,4971,4971,4971,0,0,4971,4971,4971,4723,4723,4723,248,pending_manual_review=2; valid_code_not_in_catalog=246
20232,602093,602093,602093,79596,79596,79596,0,0,79596,79596,79595,79020,79020,79020,576,missing_or_invalid_seat_code=1; pending_manual_review=3; valid_code_not_in_catalog=572
20241,84072,84072,84072,4739,4739,4739,0,0,4739,4739,4739,4688,4688,4688,51,valid_code_not_in_catalog=51
20242,592436,592436,592436,79385,79385,79385,0,0,79385,79385,79385,79337,79337,79337,48,valid_code_not_in_catalog=48
20161,74224,74224,74224,5214,5214,5214,0,0,5214,5214,5214,4652,4652,4652,562,pending_manual_review=14; valid_code_not_in_catalog=548
20162,589593,589593,589593,91138,91138,91138,0,0,91138,91138,91138,86860,86860,86860,4278,pending_manual_review=123; valid_code_not_in_catalog=4155
20171,85149,85149,85149,4923,4923,4923,0,0,4923,4923,4923,4472,4472,4472,451,valid_code_not_in_catalog=451
20172,590996,590996,590996,89514,89514,89514,0,0,89514,89514,89514,85916,85916,85916,3598,pending_manual_review=63; valid_code_not_in_catalog=3535
20181,65854,65854,65854,4979,4979,4979,0,0,4979,4979,4979,4579,4579,4579,400,pending_manual_review=18; valid_code_not_in_catalog=382
20182,609136,609136,609136,88514,88514,88514,0,0,88514,88514,88514,85391,85391,85391,3123,pending_manual_review=66; valid_code_not_in_catalog=3057
20191,66104,66104,66104,5150,5150,5150,0,0,5150,5150,5150,4687,4687,4687,463,pending_manual_review=17; valid_code_not_in_catalog=446
20192,614789,614789,614789,84293,84293,84293,0,0,84293,84293,84293,81742,81742,81742,2551,pending_manual_review=27; valid_code_not_in_catalog=2524
20201,46221,46221,46221,3610,3610,3610,0,0,3610,3610,3610,3424,3424,3424,186,valid_code_not_in_catalog=186
