periodo,match_status,n_registros,pct_periodo,pct_total_bogota
20161,exact_match_valid_coordinates,4652,89.2213,0.5881
20161,pending_manual_review,14,0.2685,0.0018
20161,valid_code_not_in_catalog,548,10.5102,0.0693
20162,exact_match_valid_coordinates,86860,95.306,10.98
20162,pending_manual_review,123,0.135,0.0155
20162,valid_code_not_in_catalog,4155,4.559,0.5252
20171,exact_match_valid_coordinates,4472,90.8389,0.5653
20171,valid_code_not_in_catalog,451,9.1611,0.057
20172,exact_match_valid_coordinates,85916,95.9805,10.8607
20172,pending_manual_review,63,0.0704,0.008
20172,valid_code_not_in_catalog,3535,3.9491,0.4469
20181,exact_match_valid_coordinates,4579,91.9663,0.5788
20181,pending_manual_review,18,0.3615,0.0023
20181,valid_code_not_in_catalog,382,7.6722,0.0483
20182,exact_match_valid_coordinates,85391,96.4717,10.7943
20182,pending_manual_review,66,0.0746,0.0083
20182,valid_code_not_in_catalog,3057,3.4537,0.3864
20191,exact_match_valid_coordinates,4687,91.0097,0.5925
20191,pending_manual_review,17,0.3301,0.0021
20191,valid_code_not_in_catalog,446,8.6602,0.0564
20192,exact_match_valid_coordinates,81742,96.9737,10.3331
20192,pending_manual_review,27,0.032,0.0034
20192,valid_code_not_in_catalog,2524,2.9943,0.3191
20201,exact_match_valid_coordinates,3424,94.8476,0.4328
20201,valid_code_not_in_catalog,186,5.1524,0.0235
20202,exact_match_valid_coordinates,76608,97.7554,9.6841
20202,pending_manual_review,27,0.0345,0.0034
20202,valid_code_not_in_catalog,1732,2.2101,0.2189
20211,exact_match_valid_coordinates,3224,98.3527,0.4075
20211,valid_code_not_in_catalog,54,1.6473,0.0068
20212,exact_match_valid_coordinates,79260,98.6643,10.0193
20212,pending_manual_review,12,0.0149,0.0015
20212,valid_code_not_in_catalog,1061,1.3208,0.1341
20221,exact_match_valid_coordinates,4564,93.3715,0.5769
20221,valid_code_not_in_catalog,324,6.6285,0.041
20222,exact_match_valid_coordinates,77172,98.7094,9.7554
20222,pending_manual_review,4,0.0051,5e-4
20222,valid_code_not_in_catalog,1005,1.2855,0.127
20231,exact_match_valid_coordinates,4723,95.0111,0.597
20231,pending_manual_review,2,0.0402,3e-4
20231,valid_code_not_in_catalog,246,4.9487,0.0311
20232,exact_match_valid_coordinates,79020,99.2763,9.989
20232,missing_or_invalid_seat_code,1,0.0013,1e-4
20232,pending_manual_review,3,0.0038,4e-4
20232,valid_code_not_in_catalog,572,0.7186,0.0723
20241,exact_match_valid_coordinates,4688,98.9238,0.5926
20241,valid_code_not_in_catalog,51,1.0762,0.0064
20242,exact_match_valid_coordinates,79337,99.9395,10.029
20242,valid_code_not_in_catalog,48,0.0605,0.0061
