periodo,codigo_sede,establecimiento_icfes,establecimiento_catalogo,cole_nombre_establecimiento,nombre_est_catalogo,nombre_sede_catalogo,n_estudiantes,tipo_conflicto
20212,111001041475,111001102083,111001041475,COLEGIO SAN JOSE DE CASTILLA (IED),COLEGIO SAN JOSE DE CASTILLA (IED),CASTILLA,213,establecimiento_icfes_difiere_de_catalogo_2025
20162,211769003151,211769003151,111001107786,COLEGIO NICOLAS BUENAVENTURA (ANTES CHORRILLOS) (IED),COLEGIO NICOLAS BUENAVENTURA (IED),CHORRILLOS,201,establecimiento_icfes_difiere_de_catalogo_2025
20162,111001076201,111001076201,111001104345,COLEGIO DIEGO MONTAÑA CUÉLLAR (IED),COLEGIO DIEGO MONTAÑA CUELLAR (IED),DIEGO MONTAÑA CUELLAR,199,establecimiento_icfes_difiere_de_catalogo_2025
20172,111001076201,111001076201,111001104345,COLEGIO DIEGO MONTAÑA CUÉLLAR (IED),COLEGIO DIEGO MONTAÑA CUELLAR (IED),DIEGO MONTAÑA CUELLAR,199,establecimiento_icfes_difiere_de_catalogo_2025
20202,111001107786,211769003151,111001107786,COLEGIO NICOLAS BUENAVENTURA (ANTES CHORRILLOS) (IED),COLEGIO NICOLAS BUENAVENTURA (IED),NICOLAS BUENAVENTURA,198,establecimiento_icfes_difiere_de_catalogo_2025
20182,111001107786,211769003151,111001107786,COLEGIO NICOLAS BUENAVENTURA (ANTES CHORRILLOS) (IED),COLEGIO NICOLAS BUENAVENTURA (IED),NICOLAS BUENAVENTURA,193,establecimiento_icfes_difiere_de_catalogo_2025
20192,111001041475,111001102083,111001041475,COLEGIO SAN JOSE DE CASTILLA (IED),COLEGIO SAN JOSE DE CASTILLA (IED),CASTILLA,191,establecimiento_icfes_difiere_de_catalogo_2025
20232,111001041475,111001102083,111001041475,COLEGIO SAN JOSE DE CASTILLA (IED),COLEGIO SAN JOSE DE CASTILLA (IED),CASTILLA,191,establecimiento_icfes_difiere_de_catalogo_2025
20202,111001041475,111001102083,111001041475,COLEGIO SAN JOSE DE CASTILLA (IED),COLEGIO SAN JOSE DE CASTILLA (IED),CASTILLA,190,establecimiento_icfes_difiere_de_catalogo_2025
20222,111001107786,211769003151,111001107786,COLEGIO NICOLAS BUENAVENTURA (ANTES CHORRILLOS) (IED),COLEGIO NICOLAS BUENAVENTURA (IED),NICOLAS BUENAVENTURA,189,establecimiento_icfes_difiere_de_catalogo_2025
20242,111001041475,111001102083,111001041475,COLEGIO SAN JOSE DE CASTILLA (IED),COLEGIO SAN JOSE DE CASTILLA (IED),CASTILLA,186,establecimiento_icfes_difiere_de_catalogo_2025
20232,111001107786,211769003151,111001107786,COLEGIO NICOLAS BUENAVENTURA (ANTES CHORRILLOS) (IED),COLEGIO NICOLAS BUENAVENTURA (IED),NICOLAS BUENAVENTURA,183,establecimiento_icfes_difiere_de_catalogo_2025
20222,111001041475,111001102083,111001041475,COLEGIO SAN JOSE DE CASTILLA (IED),COLEGIO SAN JOSE DE CASTILLA (IED),CASTILLA,182,establecimiento_icfes_difiere_de_catalogo_2025
20192,111001107786,211769003151,111001107786,COLEGIO NICOLAS BUENAVENTURA (ANTES CHORRILLOS) (IED),COLEGIO NICOLAS BUENAVENTURA (IED),NICOLAS BUENAVENTURA,181,establecimiento_icfes_difiere_de_catalogo_2025
20212,111001107786,211769003151,111001107786,COLEGIO NICOLAS BUENAVENTURA (ANTES CHORRILLOS) (IED),COLEGIO NICOLAS BUENAVENTURA (IED),NICOLAS BUENAVENTURA,176,establecimiento_icfes_difiere_de_catalogo_2025
20242,111001107786,211769003151,111001107786,COLEGIO NICOLAS BUENAVENTURA (ANTES CHORRILLOS) (IED),COLEGIO NICOLAS BUENAVENTURA (IED),NICOLAS BUENAVENTURA,165,establecimiento_icfes_difiere_de_catalogo_2025
20172,111001107786,211769003151,111001107786,COLEGIO NICOLAS BUENAVENTURA (ANTES CHORRILLOS) (IED),COLEGIO NICOLAS BUENAVENTURA (IED),NICOLAS BUENAVENTURA,156,establecimiento_icfes_difiere_de_catalogo_2025
20182,111001041475,111001102083,111001041475,COLEGIO SAN JOSE DE CASTILLA (IED),COLEGIO SAN JOSE DE CASTILLA (IED),CASTILLA,156,establecimiento_icfes_difiere_de_catalogo_2025
20162,111001033901,111001102156,111001033901,COLEGIO CAMPESTRE MONTE VERDE (IED),COLEGIO CAMPESTRE MONTE VERDE (IED),PLAN PADRINOS SAN LUIS,145,establecimiento_icfes_difiere_de_catalogo_2025
20182,111001076201,111001076201,111001104345,COLEGIO DIEGO MONTAÑA CUÉLLAR (IED),COLEGIO DIEGO MONTAÑA CUELLAR (IED),DIEGO MONTAÑA CUELLAR,142,establecimiento_icfes_difiere_de_catalogo_2025
20162,111001041475,111001102083,111001041475,COLEGIO SAN JOSE DE CASTILLA (IED),COLEGIO SAN JOSE DE CASTILLA (IED),CASTILLA,141,establecimiento_icfes_difiere_de_catalogo_2025
20162,211001094832,211001094832,111001104353,COLEGIO CIUDAD DE VILLAVICENCIO (ANTES INTEGD PUERTA AL LLANO)  (IED),COLEGIO CIUDAD DE VILLAVICENCIO (IED),PUERTA AL LLANO,138,establecimiento_icfes_difiere_de_catalogo_2025
20172,111001041475,111001102083,111001041475,COLEGIO SAN JOSE DE CASTILLA (IED),COLEGIO SAN JOSE DE CASTILLA (IED),CASTILLA,138,establecimiento_icfes_difiere_de_catalogo_2025
20202,111001104345,111001076201,111001104345,COLEGIO DIEGO MONTAÑA CUÉLLAR (IED),COLEGIO DIEGO MONTAÑA CUELLAR (IED),EL UVAL,131,establecimiento_icfes_difiere_de_catalogo_2025
20172,111001033901,111001102156,111001033901,COLEGIO CAMPESTRE MONTE VERDE (IED),COLEGIO CAMPESTRE MONTE VERDE (IED),PLAN PADRINOS SAN LUIS,128,establecimiento_icfes_difiere_de_catalogo_2025
20212,111769003114,111769003114,111001092983,COLEGIO VISTA BELLA (IED),COLEGIO VISTA BELLA (IED),SAN CIPRIANO,125,establecimiento_icfes_difiere_de_catalogo_2025
20172,211001094832,211001094832,111001104353,COLEGIO CIUDAD DE VILLAVICENCIO (ANTES INTEGD PUERTA AL LLANO)  (IED),COLEGIO CIUDAD DE VILLAVICENCIO (IED),PUERTA AL LLANO,123,establecimiento_icfes_difiere_de_catalogo_2025
20232,111001104345,111001076201,111001104345,COLEGIO DIEGO MONTAÑA CUÉLLAR (IED),COLEGIO DIEGO MONTAÑA CUELLAR (IED),EL UVAL,122,establecimiento_icfes_difiere_de_catalogo_2025
20232,111001033901,111001102156,111001033901,COLEGIO CAMPESTRE MONTE VERDE (IED),COLEGIO CAMPESTRE MONTE VERDE (IED),PLAN PADRINOS SAN LUIS,121,establecimiento_icfes_difiere_de_catalogo_2025
20212,111001104345,111001076201,111001104345,COLEGIO DIEGO MONTAÑA CUÉLLAR (IED),COLEGIO DIEGO MONTAÑA CUELLAR (IED),EL UVAL,120,establecimiento_icfes_difiere_de_catalogo_2025
20222,111001104345,111001076201,111001104345,COLEGIO DIEGO MONTAÑA CUÉLLAR (IED),COLEGIO DIEGO MONTAÑA CUELLAR (IED),EL UVAL,120,establecimiento_icfes_difiere_de_catalogo_2025
20212,211001094832,211001094832,111001104353,COLEGIO CIUDAD DE VILLAVICENCIO (ANTES INTEGD PUERTA AL LLANO)  (IED),COLEGIO CIUDAD DE VILLAVICENCIO (IED),PUERTA AL LLANO,116,establecimiento_icfes_difiere_de_catalogo_2025
20232,111001015091,111001102172,111001014885,COLEGIO JULIO GARAVITO ARMERO (IED),COLEGIO JULIO GARAVITO ARMERO (IED),MUZU II,116,establecimiento_icfes_difiere_de_catalogo_2025
20242,111001015091,111001102172,111001014885,COLEGIO JULIO GARAVITO ARMERO (IED),COLEGIO JULIO GARAVITO ARMERO (IED),MUZU II,116,establecimiento_icfes_difiere_de_catalogo_2025
20172,111769003114,111769003114,111001092983,COLEGIO VISTA BELLA (IED),COLEGIO VISTA BELLA (IED),SAN CIPRIANO,114,establecimiento_icfes_difiere_de_catalogo_2025
20172,111001016772,111001102181,111001016772,COLEGIO SAN FRANCISCO DE ASIS (IED),COLEGIO SAN FRANCISCO DE ASIS (IED),POLITECNICO NACIONAL FEMENINO,113,establecimiento_icfes_difiere_de_catalogo_2025
20222,211001094832,211001094832,111001104353,COLEGIO CIUDAD DE VILLAVICENCIO (ANTES INTEGD PUERTA AL LLANO)  (IED),COLEGIO CIUDAD DE VILLAVICENCIO (IED),PUERTA AL LLANO,113,establecimiento_icfes_difiere_de_catalogo_2025
20222,111001033901,111001102156,111001033901,COLEGIO CAMPESTRE MONTE VERDE (IED),COLEGIO CAMPESTRE MONTE VERDE (IED),PLAN PADRINOS SAN LUIS,112,establecimiento_icfes_difiere_de_catalogo_2025
20182,111769003114,111769003114,111001092983,COLEGIO VISTA BELLA (IED),COLEGIO VISTA BELLA (IED),SAN CIPRIANO,111,establecimiento_icfes_difiere_de_catalogo_2025
20162,111769003114,111769003114,111001092983,COLEGIO VISTA BELLA (IED),COLEGIO VISTA BELLA (IED),SAN CIPRIANO,110,establecimiento_icfes_difiere_de_catalogo_2025
20202,111001015032,111001102172,111001014885,COLEGIO JULIO GARAVITO ARMERO (IED),COLEGIO JULIO GARAVITO ARMERO (IED),MUZU I,110,establecimiento_icfes_difiere_de_catalogo_2025
20202,111001104353,211001094832,111001104353,COLEGIO CIUDAD DE VILLAVICENCIO (ANTES INTEGD PUERTA AL LLANO)  (IED),COLEGIO CIUDAD DE VILLAVICENCIO (IED),CIUDAD DE VILLAVICENCIO,109,establecimiento_icfes_difiere_de_catalogo_2025
20232,111001013323,111001102148,111001013323,COLEGIO INTEGRADA LA CANDELARIA (IED),COLEGIO INTEGRADA LA CANDELARIA (IED),LA CONCORDIA,109,establecimiento_icfes_difiere_de_catalogo_2025
20242,211001094832,211001094832,111001104353,COLEGIO CIUDAD DE VILLAVICENCIO (ANTES INTEGD PUERTA AL LLANO)  (IED),COLEGIO CIUDAD DE VILLAVICENCIO (IED),PUERTA AL LLANO,109,establecimiento_icfes_difiere_de_catalogo_2025
20212,111001013323,111001102148,111001013323,COLEGIO INTEGRADA LA CANDELARIA (IED),COLEGIO INTEGRADA LA CANDELARIA (IED),LA CONCORDIA,108,establecimiento_icfes_difiere_de_catalogo_2025
20212,111001033901,111001102156,111001033901,COLEGIO CAMPESTRE MONTE VERDE (IED),COLEGIO CAMPESTRE MONTE VERDE (IED),PLAN PADRINOS SAN LUIS,108,establecimiento_icfes_difiere_de_catalogo_2025
20232,211001094832,211001094832,111001104353,COLEGIO CIUDAD DE VILLAVICENCIO (ANTES INTEGD PUERTA AL LLANO)  (IED),COLEGIO CIUDAD DE VILLAVICENCIO (IED),PUERTA AL LLANO,108,establecimiento_icfes_difiere_de_catalogo_2025
20212,111001015032,111001102172,111001014885,COLEGIO JULIO GARAVITO ARMERO (IED),COLEGIO JULIO GARAVITO ARMERO (IED),MUZU I,107,establecimiento_icfes_difiere_de_catalogo_2025
20192,111769003114,111769003114,111001092983,COLEGIO VISTA BELLA (IED),COLEGIO VISTA BELLA (IED),SAN CIPRIANO,106,establecimiento_icfes_difiere_de_catalogo_2025
20182,211001094832,211001094832,111001104353,COLEGIO CIUDAD DE VILLAVICENCIO (ANTES INTEGD PUERTA AL LLANO)  (IED),COLEGIO CIUDAD DE VILLAVICENCIO (IED),PUERTA AL LLANO,104,establecimiento_icfes_difiere_de_catalogo_2025
20192,111001033901,111001102156,111001033901,COLEGIO CAMPESTRE MONTE VERDE (IED),COLEGIO CAMPESTRE MONTE VERDE (IED),PLAN PADRINOS SAN LUIS,103,establecimiento_icfes_difiere_de_catalogo_2025
20192,111001104345,111001076201,111001104345,COLEGIO DIEGO MONTAÑA CUÉLLAR (IED),COLEGIO DIEGO MONTAÑA CUELLAR (IED),EL UVAL,102,establecimiento_icfes_difiere_de_catalogo_2025
20242,111001033901,111001102156,111001033901,COLEGIO CAMPESTRE MONTE VERDE (IED),COLEGIO CAMPESTRE MONTE VERDE (IED),PLAN PADRINOS SAN LUIS,102,establecimiento_icfes_difiere_de_catalogo_2025
20222,111769003114,111769003114,111001092983,COLEGIO VISTA BELLA (IED),COLEGIO VISTA BELLA (IED),SAN CIPRIANO,100,establecimiento_icfes_difiere_de_catalogo_2025
20242,111001104345,111001076201,111001104345,COLEGIO DIEGO MONTAÑA CUÉLLAR (IED),COLEGIO DIEGO MONTAÑA CUELLAR (IED),EL UVAL,100,establecimiento_icfes_difiere_de_catalogo_2025
20182,111001033901,111001102156,111001033901,COLEGIO CAMPESTRE MONTE VERDE (IED),COLEGIO CAMPESTRE MONTE VERDE (IED),PLAN PADRINOS SAN LUIS,99,establecimiento_icfes_difiere_de_catalogo_2025
20232,111001086584,111001102105,111001086584,INST EDUC DIST CONFEDERACION BRISAS DEL DIAMANTE,COLEGIO CONFEDERACION BRISAS DEL DIAMANTE (IED),CONFEDERACION SUIZA,99,establecimiento_icfes_difiere_de_catalogo_2025
20162,111001016772,111001102181,111001016772,COLEGIO SAN FRANCISCO DE ASIS (IED),COLEGIO SAN FRANCISCO DE ASIS (IED),POLITECNICO NACIONAL FEMENINO,98,establecimiento_icfes_difiere_de_catalogo_2025
20202,111001033901,111001102156,111001033901,COLEGIO CAMPESTRE MONTE VERDE (IED),COLEGIO CAMPESTRE MONTE VERDE (IED),PLAN PADRINOS SAN LUIS,97,establecimiento_icfes_difiere_de_catalogo_2025
20192,111001014885,111001102172,111001014885,COLEGIO JULIO GARAVITO ARMERO (IED),COLEGIO JULIO GARAVITO ARMERO (IED),LA ALQUERIA,96,establecimiento_icfes_difiere_de_catalogo_2025
20162,111001014885,111001102172,111001014885,COLEGIO JULIO GARAVITO ARMERO (IED),COLEGIO JULIO GARAVITO ARMERO (IED),LA ALQUERIA,95,establecimiento_icfes_difiere_de_catalogo_2025
20222,111001015091,111001102172,111001014885,COLEGIO JULIO GARAVITO ARMERO (IED),COLEGIO JULIO GARAVITO ARMERO (IED),MUZU II,94,establecimiento_icfes_difiere_de_catalogo_2025
20182,111001013242,111001102067,111001013242,COLEGIO AULAS COLOMBIANAS SAN LUIS (IED]),COLEGIO AULAS COLOMBIANAS SAN LUIS (IED),AULAS COLOMBIANAS EL CONSUELO,93,establecimiento_icfes_difiere_de_catalogo_2025
20182,111001014885,111001102172,111001014885,COLEGIO JULIO GARAVITO ARMERO (IED),COLEGIO JULIO GARAVITO ARMERO (IED),LA ALQUERIA,93,establecimiento_icfes_difiere_de_catalogo_2025
20192,111001104353,211001094832,111001104353,COLEGIO CIUDAD DE VILLAVICENCIO (ANTES INTEGD PUERTA AL LLANO)  (IED),COLEGIO CIUDAD DE VILLAVICENCIO (IED),CIUDAD DE VILLAVICENCIO,93,establecimiento_icfes_difiere_de_catalogo_2025
20242,111769003114,111769003114,111001092983,COLEGIO VISTA BELLA (IED),COLEGIO VISTA BELLA (IED),SAN CIPRIANO,93,establecimiento_icfes_difiere_de_catalogo_2025
20242,111001013323,111001102148,111001013323,COLEGIO INTEGRADA LA CANDELARIA (IED),COLEGIO INTEGRADA LA CANDELARIA (IED),LA CONCORDIA,91,establecimiento_icfes_difiere_de_catalogo_2025
20182,111001016772,111001102181,111001016772,COLEGIO SAN FRANCISCO DE ASIS (IED),COLEGIO SAN FRANCISCO DE ASIS (IED),POLITECNICO NACIONAL FEMENINO,90,establecimiento_icfes_difiere_de_catalogo_2025
20182,111001086762,111001102164,111001086762,COLEGIO EL MINUTO DE  BUENOS AIRES (IED),COLEGIO EL MINUTO DE BUENOS AIRES (IED),BUENOS AIRES,89,establecimiento_icfes_difiere_de_catalogo_2025
20202,111769003114,111769003114,111001092983,COLEGIO VISTA BELLA (IED),COLEGIO VISTA BELLA (IED),SAN CIPRIANO,89,establecimiento_icfes_difiere_de_catalogo_2025
20222,111001013323,111001102148,111001013323,COLEGIO INTEGRADA LA CANDELARIA (IED),COLEGIO INTEGRADA LA CANDELARIA (IED),LA CONCORDIA,88,establecimiento_icfes_difiere_de_catalogo_2025
20222,111001086584,111001102105,111001086584,INST EDUC DIST CONFEDERACION BRISAS DEL DIAMANTE,COLEGIO CONFEDERACION BRISAS DEL DIAMANTE (IED),CONFEDERACION SUIZA,87,establecimiento_icfes_difiere_de_catalogo_2025
20212,111001086584,111001102105,111001086584,INST EDUC DIST CONFEDERACION BRISAS DEL DIAMANTE,COLEGIO CONFEDERACION BRISAS DEL DIAMANTE (IED),CONFEDERACION SUIZA,86,establecimiento_icfes_difiere_de_catalogo_2025
20162,111001020443,111001102075,111001020443,COLEGIO ENTRE NUBES SUR ORIENTAL (IED),COLEGIO ENTRE NUBES SUR ORIENTAL (IED),ANIBAL FERNANDEZ DE SOTO,85,establecimiento_icfes_difiere_de_catalogo_2025
20182,111001107131,111001102113,111001033928,COLEGIO EL TESORO DE LA CUMBRE (IED),COLEGIO EL TESORO DE LA CUMBRE (IED),SEDE C,85,establecimiento_icfes_difiere_de_catalogo_2025
20202,111001013242,111001102067,111001013242,COLEGIO AULAS COLOMBIANAS SAN LUIS (IED]),COLEGIO AULAS COLOMBIANAS SAN LUIS (IED),AULAS COLOMBIANAS EL CONSUELO,85,establecimiento_icfes_difiere_de_catalogo_2025
20172,111001013242,111001102067,111001013242,COLEGIO AULAS COLOMBIANAS SAN LUIS (IED]),COLEGIO AULAS COLOMBIANAS SAN LUIS (IED),AULAS COLOMBIANAS EL CONSUELO,84,establecimiento_icfes_difiere_de_catalogo_2025
20202,111001013323,111001102148,111001013323,COLEGIO INTEGRADA LA CANDELARIA (IED),COLEGIO INTEGRADA LA CANDELARIA (IED),LA CONCORDIA,82,establecimiento_icfes_difiere_de_catalogo_2025
20202,111001014508,111001102164,111001086762,COLEGIO EL MINUTO DE  BUENOS AIRES (IED),COLEGIO EL MINUTO DE BUENOS AIRES (IED),MINUTO DE MARIA,82,establecimiento_icfes_difiere_de_catalogo_2025
20242,111001086584,111001102105,111001086584,INST EDUC DIST CONFEDERACION BRISAS DEL DIAMANTE,COLEGIO CONFEDERACION BRISAS DEL DIAMANTE (IED),CONFEDERACION SUIZA,82,establecimiento_icfes_difiere_de_catalogo_2025
20242,111001107131,111001102113,111001033928,COLEGIO EL TESORO DE LA CUMBRE (IED),COLEGIO EL TESORO DE LA CUMBRE (IED),SEDE C,81,establecimiento_icfes_difiere_de_catalogo_2025
20172,111001014885,111001102172,111001014885,COLEGIO JULIO GARAVITO ARMERO (IED),COLEGIO JULIO GARAVITO ARMERO (IED),LA ALQUERIA,80,establecimiento_icfes_difiere_de_catalogo_2025
20242,111848002671,111001102059,111848002671,COLEGIO UNION COLOMBIA (IED),COLEGIO UNION COLOMBIA (IED),PILOTO DE APLICACION,80,establecimiento_icfes_difiere_de_catalogo_2025
20242,111001076201,111001076201,111001104345,COLEGIO DIEGO MONTAÑA CUÉLLAR (IED),COLEGIO DIEGO MONTAÑA CUELLAR (IED),DIEGO MONTAÑA CUELLAR,78,establecimiento_icfes_difiere_de_catalogo_2025
20172,111848002671,111001102059,111848002671,COLEGIO UNION COLOMBIA (IED),COLEGIO UNION COLOMBIA (IED),PILOTO DE APLICACION,77,establecimiento_icfes_difiere_de_catalogo_2025
20182,111001086584,111001102105,111001086584,INST EDUC DIST CONFEDERACION BRISAS DEL DIAMANTE,COLEGIO CONFEDERACION BRISAS DEL DIAMANTE (IED),CONFEDERACION SUIZA,77,establecimiento_icfes_difiere_de_catalogo_2025
20162,111001086762,111001102164,111001086762,COLEGIO EL MINUTO DE  BUENOS AIRES (IED),COLEGIO EL MINUTO DE BUENOS AIRES (IED),BUENOS AIRES,76,establecimiento_icfes_difiere_de_catalogo_2025
20192,111001013323,111001102148,111001013323,COLEGIO INTEGRADA LA CANDELARIA (IED),COLEGIO INTEGRADA LA CANDELARIA (IED),LA CONCORDIA,76,establecimiento_icfes_difiere_de_catalogo_2025
20212,111001013242,111001102067,111001013242,COLEGIO AULAS COLOMBIANAS SAN LUIS (IED]),COLEGIO AULAS COLOMBIANAS SAN LUIS (IED),AULAS COLOMBIANAS EL CONSUELO,76,establecimiento_icfes_difiere_de_catalogo_2025
20162,111001033928,111001102113,111001033928,COLEGIO EL TESORO DE LA CUMBRE (IED),COLEGIO EL TESORO DE LA CUMBRE (IED),EL TESORO,75,establecimiento_icfes_difiere_de_catalogo_2025
20182,111848002671,111001102059,111848002671,COLEGIO UNION COLOMBIA (IED),COLEGIO UNION COLOMBIA (IED),PILOTO DE APLICACION,75,establecimiento_icfes_difiere_de_catalogo_2025
20232,111001107131,111001102113,111001033928,COLEGIO EL TESORO DE LA CUMBRE (IED),COLEGIO EL TESORO DE LA CUMBRE (IED),SEDE C,75,establecimiento_icfes_difiere_de_catalogo_2025
20202,111001086584,111001102105,111001086584,INST EDUC DIST CONFEDERACION BRISAS DEL DIAMANTE,COLEGIO CONFEDERACION BRISAS DEL DIAMANTE (IED),CONFEDERACION SUIZA,74,establecimiento_icfes_difiere_de_catalogo_2025
20232,111001076201,111001076201,111001104345,COLEGIO DIEGO MONTAÑA CUÉLLAR (IED),COLEGIO DIEGO MONTAÑA CUELLAR (IED),DIEGO MONTAÑA CUELLAR,74,establecimiento_icfes_difiere_de_catalogo_2025
20172,111001107131,111001102113,111001033928,COLEGIO EL TESORO DE LA CUMBRE (IED),COLEGIO EL TESORO DE LA CUMBRE (IED),SEDE C,72,establecimiento_icfes_difiere_de_catalogo_2025
20192,111848002671,111001102059,111848002671,COLEGIO UNION COLOMBIA (IED),COLEGIO UNION COLOMBIA (IED),PILOTO DE APLICACION,71,establecimiento_icfes_difiere_de_catalogo_2025
20192,111001013242,111001102067,111001013242,COLEGIO AULAS COLOMBIANAS SAN LUIS (IED]),COLEGIO AULAS COLOMBIANAS SAN LUIS (IED),AULAS COLOMBIANAS EL CONSUELO,70,establecimiento_icfes_difiere_de_catalogo_2025
20202,111848002671,111001102059,111848002671,COLEGIO UNION COLOMBIA (IED),COLEGIO UNION COLOMBIA (IED),PILOTO DE APLICACION,70,establecimiento_icfes_difiere_de_catalogo_2025
20212,111848002671,111001102059,111848002671,COLEGIO UNION COLOMBIA (IED),COLEGIO UNION COLOMBIA (IED),PILOTO DE APLICACION,70,establecimiento_icfes_difiere_de_catalogo_2025
20222,111848002671,111001102059,111848002671,COLEGIO UNION COLOMBIA (IED),COLEGIO UNION COLOMBIA (IED),PILOTO DE APLICACION,68,establecimiento_icfes_difiere_de_catalogo_2025
20162,111848002671,111001102059,111848002671,COLEGIO UNION COLOMBIA (IED),COLEGIO UNION COLOMBIA (IED),PILOTO DE APLICACION,67,establecimiento_icfes_difiere_de_catalogo_2025
20182,111001013323,111001102148,111001013323,COLEGIO INTEGRADA LA CANDELARIA (IED),COLEGIO INTEGRADA LA CANDELARIA (IED),LA CONCORDIA,67,establecimiento_icfes_difiere_de_catalogo_2025
20232,111848002671,111001102059,111848002671,COLEGIO UNION COLOMBIA (IED),COLEGIO UNION COLOMBIA (IED),PILOTO DE APLICACION,67,establecimiento_icfes_difiere_de_catalogo_2025
20192,111001076201,111001076201,111001104345,COLEGIO DIEGO MONTAÑA CUÉLLAR (IED),COLEGIO DIEGO MONTAÑA CUELLAR (IED),DIEGO MONTAÑA CUELLAR,66,establecimiento_icfes_difiere_de_catalogo_2025
20192,111001086584,111001102105,111001086584,INST EDUC DIST CONFEDERACION BRISAS DEL DIAMANTE,COLEGIO CONFEDERACION BRISAS DEL DIAMANTE (IED),CONFEDERACION SUIZA,66,establecimiento_icfes_difiere_de_catalogo_2025
20232,111769003114,111769003114,111001092983,COLEGIO VISTA BELLA (IED),COLEGIO VISTA BELLA (IED),SAN CIPRIANO,66,establecimiento_icfes_difiere_de_catalogo_2025
20222,111001014508,111001102164,111001086762,COLEGIO EL MINUTO DE  BUENOS AIRES (IED),COLEGIO EL MINUTO DE BUENOS AIRES (IED),MINUTO DE MARIA,65,establecimiento_icfes_difiere_de_catalogo_2025
20212,111001014508,111001102164,111001086762,COLEGIO EL MINUTO DE  BUENOS AIRES (IED),COLEGIO EL MINUTO DE BUENOS AIRES (IED),MINUTO DE MARIA,64,establecimiento_icfes_difiere_de_catalogo_2025
20162,111001086584,111001102105,111001086584,INST EDUC DIST CONFEDERACION BRISAS DEL DIAMANTE,COLEGIO CONFEDERACION BRISAS DEL DIAMANTE (IED),CONFEDERACION SUIZA,62,establecimiento_icfes_difiere_de_catalogo_2025
20172,111001020443,111001102075,111001020443,COLEGIO ENTRE NUBES SUR ORIENTAL (IED),COLEGIO ENTRE NUBES SUR ORIENTAL (IED),ANIBAL FERNANDEZ DE SOTO,62,establecimiento_icfes_difiere_de_catalogo_2025
20212,111001107131,111001102113,111001033928,COLEGIO EL TESORO DE LA CUMBRE (IED),COLEGIO EL TESORO DE LA CUMBRE (IED),SEDE C,62,establecimiento_icfes_difiere_de_catalogo_2025
20192,111001020443,111001102075,111001020443,COLEGIO ENTRE NUBES SUR ORIENTAL (IED),COLEGIO ENTRE NUBES SUR ORIENTAL (IED),ANIBAL FERNANDEZ DE SOTO,60,establecimiento_icfes_difiere_de_catalogo_2025
20222,111001107131,111001102113,111001033928,COLEGIO EL TESORO DE LA CUMBRE (IED),COLEGIO EL TESORO DE LA CUMBRE (IED),SEDE C,60,establecimiento_icfes_difiere_de_catalogo_2025
20202,111001107131,111001102113,111001033928,COLEGIO EL TESORO DE LA CUMBRE (IED),COLEGIO EL TESORO DE LA CUMBRE (IED),SEDE C,59,establecimiento_icfes_difiere_de_catalogo_2025
20232,111001014508,111001102164,111001086762,COLEGIO EL MINUTO DE  BUENOS AIRES (IED),COLEGIO EL MINUTO DE BUENOS AIRES (IED),MINUTO DE MARIA,59,establecimiento_icfes_difiere_de_catalogo_2025
20242,111001013242,111001102067,111001013242,COLEGIO AULAS COLOMBIANAS SAN LUIS (IED]),COLEGIO AULAS COLOMBIANAS SAN LUIS (IED),AULAS COLOMBIANAS EL CONSUELO,58,establecimiento_icfes_difiere_de_catalogo_2025
20242,111001020443,111001102075,111001020443,COLEGIO ENTRE NUBES SUR ORIENTAL (IED),COLEGIO ENTRE NUBES SUR ORIENTAL (IED),ANIBAL FERNANDEZ DE SOTO,58,establecimiento_icfes_difiere_de_catalogo_2025
20172,111001086762,111001102164,111001086762,COLEGIO EL MINUTO DE  BUENOS AIRES (IED),COLEGIO EL MINUTO DE BUENOS AIRES (IED),BUENOS AIRES,57,establecimiento_icfes_difiere_de_catalogo_2025
20192,111001107131,111001102113,111001033928,COLEGIO EL TESORO DE LA CUMBRE (IED),COLEGIO EL TESORO DE LA CUMBRE (IED),SEDE C,57,establecimiento_icfes_difiere_de_catalogo_2025
20172,111001086584,111001102105,111001086584,INST EDUC DIST CONFEDERACION BRISAS DEL DIAMANTE,COLEGIO CONFEDERACION BRISAS DEL DIAMANTE (IED),CONFEDERACION SUIZA,56,establecimiento_icfes_difiere_de_catalogo_2025
20212,111001016772,111001102181,111001016772,COLEGIO SAN FRANCISCO DE ASIS (IED),COLEGIO SAN FRANCISCO DE ASIS (IED),POLITECNICO NACIONAL FEMENINO,54,establecimiento_icfes_difiere_de_catalogo_2025
20232,111001016772,111001102181,111001016772,COLEGIO SAN FRANCISCO DE ASIS (IED),COLEGIO SAN FRANCISCO DE ASIS (IED),POLITECNICO NACIONAL FEMENINO,54,establecimiento_icfes_difiere_de_catalogo_2025
20192,111001016772,111001102181,111001016772,COLEGIO SAN FRANCISCO DE ASIS (IED),COLEGIO SAN FRANCISCO DE ASIS (IED),POLITECNICO NACIONAL FEMENINO,52,establecimiento_icfes_difiere_de_catalogo_2025
20222,111001013242,111001102067,111001013242,COLEGIO AULAS COLOMBIANAS SAN LUIS (IED]),COLEGIO AULAS COLOMBIANAS SAN LUIS (IED),AULAS COLOMBIANAS EL CONSUELO,52,establecimiento_icfes_difiere_de_catalogo_2025
20242,111001014508,111001102164,111001086762,COLEGIO EL MINUTO DE  BUENOS AIRES (IED),COLEGIO EL MINUTO DE BUENOS AIRES (IED),MINUTO DE MARIA,52,establecimiento_icfes_difiere_de_catalogo_2025
20162,111001013323,111001102148,111001013323,COLEGIO INTEGRADA LA CANDELARIA (IED),COLEGIO INTEGRADA LA CANDELARIA (IED),LA CONCORDIA,51,establecimiento_icfes_difiere_de_catalogo_2025
20212,111001076201,111001076201,111001104345,COLEGIO DIEGO MONTAÑA CUÉLLAR (IED),COLEGIO DIEGO MONTAÑA CUELLAR (IED),DIEGO MONTAÑA CUELLAR,51,establecimiento_icfes_difiere_de_catalogo_2025
20212,111001020443,111001102075,111001020443,COLEGIO ENTRE NUBES SUR ORIENTAL (IED),COLEGIO ENTRE NUBES SUR ORIENTAL (IED),ANIBAL FERNANDEZ DE SOTO,50,establecimiento_icfes_difiere_de_catalogo_2025
20232,111001013242,111001102067,111001013242,COLEGIO AULAS COLOMBIANAS SAN LUIS (IED]),COLEGIO AULAS COLOMBIANAS SAN LUIS (IED),AULAS COLOMBIANAS EL CONSUELO,50,establecimiento_icfes_difiere_de_catalogo_2025
20202,111001016772,111001102181,111001016772,COLEGIO SAN FRANCISCO DE ASIS (IED),COLEGIO SAN FRANCISCO DE ASIS (IED),POLITECNICO NACIONAL FEMENINO,49,establecimiento_icfes_difiere_de_catalogo_2025
20202,111001076201,111001076201,111001104345,COLEGIO DIEGO MONTAÑA CUÉLLAR (IED),COLEGIO DIEGO MONTAÑA CUELLAR (IED),DIEGO MONTAÑA CUELLAR,49,establecimiento_icfes_difiere_de_catalogo_2025
20242,111001016772,111001102181,111001016772,COLEGIO SAN FRANCISCO DE ASIS (IED),COLEGIO SAN FRANCISCO DE ASIS (IED),POLITECNICO NACIONAL FEMENINO,49,establecimiento_icfes_difiere_de_catalogo_2025
20162,111001013242,111001102067,111001013242,COLEGIO AULAS COLOMBIANAS SAN LUIS (IED]),COLEGIO AULAS COLOMBIANAS SAN LUIS (IED),AULAS COLOMBIANAS EL CONSUELO,48,establecimiento_icfes_difiere_de_catalogo_2025
20232,111001092983,111769003114,111001092983,COLEGIO VISTA BELLA (IED),COLEGIO VISTA BELLA (IED),VISTA BELLA,48,establecimiento_icfes_difiere_de_catalogo_2025
20182,111001020443,111001102075,111001020443,COLEGIO ENTRE NUBES SUR ORIENTAL (IED),COLEGIO ENTRE NUBES SUR ORIENTAL (IED),ANIBAL FERNANDEZ DE SOTO,47,establecimiento_icfes_difiere_de_catalogo_2025
20182,111001029599,111001102130,111001034754,COLEGIO COMPARTIR RECUERDO (IED),COLEGIO COMPARTIR RECUERDO (IED),EL RECUERDO,47,establecimiento_icfes_difiere_de_catalogo_2025
20212,111001034754,111001102130,111001034754,COLEGIO COMPARTIR RECUERDO (IED),COLEGIO COMPARTIR RECUERDO (IED),COMPARTIR LUCERO ALTO,47,establecimiento_icfes_difiere_de_catalogo_2025
20222,111001016772,111001102181,111001016772,COLEGIO SAN FRANCISCO DE ASIS (IED),COLEGIO SAN FRANCISCO DE ASIS (IED),POLITECNICO NACIONAL FEMENINO,46,establecimiento_icfes_difiere_de_catalogo_2025
20232,111001020443,111001102075,111001020443,COLEGIO ENTRE NUBES SUR ORIENTAL (IED),COLEGIO ENTRE NUBES SUR ORIENTAL (IED),ANIBAL FERNANDEZ DE SOTO,44,establecimiento_icfes_difiere_de_catalogo_2025
20192,111001034754,111001102130,111001034754,COLEGIO COMPARTIR RECUERDO (IED),COLEGIO COMPARTIR RECUERDO (IED),COMPARTIR LUCERO ALTO,41,establecimiento_icfes_difiere_de_catalogo_2025
20222,111001076201,111001076201,111001104345,COLEGIO DIEGO MONTAÑA CUÉLLAR (IED),COLEGIO DIEGO MONTAÑA CUELLAR (IED),DIEGO MONTAÑA CUELLAR,41,establecimiento_icfes_difiere_de_catalogo_2025
20242,111001034754,111001102130,111001034754,COLEGIO COMPARTIR RECUERDO (IED),COLEGIO COMPARTIR RECUERDO (IED),COMPARTIR LUCERO ALTO,41,establecimiento_icfes_difiere_de_catalogo_2025
20192,111001086762,111001102164,111001086762,COLEGIO EL MINUTO DE  BUENOS AIRES (IED),COLEGIO EL MINUTO DE BUENOS AIRES (IED),BUENOS AIRES,40,establecimiento_icfes_difiere_de_catalogo_2025
20232,111001034754,111001102130,111001034754,COLEGIO COMPARTIR RECUERDO (IED),COLEGIO COMPARTIR RECUERDO (IED),COMPARTIR LUCERO ALTO,39,establecimiento_icfes_difiere_de_catalogo_2025
20202,111001034754,111001102130,111001034754,COLEGIO COMPARTIR RECUERDO (IED),COLEGIO COMPARTIR RECUERDO (IED),COMPARTIR LUCERO ALTO,38,establecimiento_icfes_difiere_de_catalogo_2025
20202,111001020443,111001102075,111001020443,COLEGIO ENTRE NUBES SUR ORIENTAL (IED),COLEGIO ENTRE NUBES SUR ORIENTAL (IED),ANIBAL FERNANDEZ DE SOTO,37,establecimiento_icfes_difiere_de_catalogo_2025
20222,111001020443,111001102075,111001020443,COLEGIO ENTRE NUBES SUR ORIENTAL (IED),COLEGIO ENTRE NUBES SUR ORIENTAL (IED),ANIBAL FERNANDEZ DE SOTO,37,establecimiento_icfes_difiere_de_catalogo_2025
20162,111001029599,111001102130,111001034754,COLEGIO COMPARTIR RECUERDO (IED),COLEGIO COMPARTIR RECUERDO (IED),EL RECUERDO,36,establecimiento_icfes_difiere_de_catalogo_2025
20222,111001034754,111001102130,111001034754,COLEGIO COMPARTIR RECUERDO (IED),COLEGIO COMPARTIR RECUERDO (IED),COMPARTIR LUCERO ALTO,35,establecimiento_icfes_difiere_de_catalogo_2025
20172,111001013358,111001102148,111001013323,COLEGIO INTEGRADA LA CANDELARIA (IED),COLEGIO INTEGRADA LA CANDELARIA (IED),LA CANDELARIA,33,establecimiento_icfes_difiere_de_catalogo_2025
20192,111001014508,111001102164,111001086762,COLEGIO EL MINUTO DE  BUENOS AIRES (IED),COLEGIO EL MINUTO DE BUENOS AIRES (IED),MINUTO DE MARIA,31,establecimiento_icfes_difiere_de_catalogo_2025
20172,111001013323,111001102148,111001013323,COLEGIO INTEGRADA LA CANDELARIA (IED),COLEGIO INTEGRADA LA CANDELARIA (IED),LA CONCORDIA,27,establecimiento_icfes_difiere_de_catalogo_2025
20172,111001029599,111001102130,111001034754,COLEGIO COMPARTIR RECUERDO (IED),COLEGIO COMPARTIR RECUERDO (IED),EL RECUERDO,20,establecimiento_icfes_difiere_de_catalogo_2025
20172,111001034754,111001102130,111001034754,COLEGIO COMPARTIR RECUERDO (IED),COLEGIO COMPARTIR RECUERDO (IED),COMPARTIR LUCERO ALTO,15,establecimiento_icfes_difiere_de_catalogo_2025
20172,111001014508,111001102164,111001086762,COLEGIO EL MINUTO DE  BUENOS AIRES (IED),COLEGIO EL MINUTO DE BUENOS AIRES (IED),MINUTO DE MARIA,14,establecimiento_icfes_difiere_de_catalogo_2025
20182,111001104345,111001076201,111001104345,COLEGIO DIEGO MONTAÑA CUÉLLAR (IED),COLEGIO DIEGO MONTAÑA CUELLAR (IED),EL UVAL,7,establecimiento_icfes_difiere_de_catalogo_2025
20172,211769003151,211769003151,111001107786,COLEGIO NICOLAS BUENAVENTURA (ANTES CHORRILLOS) (IED),COLEGIO NICOLAS BUENAVENTURA (IED),CHORRILLOS,1,establecimiento_icfes_difiere_de_catalogo_2025
20191,111001013323,111001102148,111001013323,COLEGIO INTEGRADA LA CANDELARIA (IED),COLEGIO INTEGRADA LA CANDELARIA (IED),LA CONCORDIA,1,establecimiento_icfes_difiere_de_catalogo_2025
20211,111001041475,111001102083,111001041475,COLEGIO SAN JOSE DE CASTILLA (IED),COLEGIO SAN JOSE DE CASTILLA (IED),CASTILLA,1,establecimiento_icfes_difiere_de_catalogo_2025
20222,211769003151,211769003151,111001107786,COLEGIO NICOLAS BUENAVENTURA (ANTES CHORRILLOS) (IED),COLEGIO NICOLAS BUENAVENTURA (IED),CHORRILLOS,1,establecimiento_icfes_difiere_de_catalogo_2025
20232,111001033928,111001102113,111001033928,COLEGIO EL TESORO DE LA CUMBRE (IED),COLEGIO EL TESORO DE LA CUMBRE (IED),EL TESORO,1,establecimiento_icfes_difiere_de_catalogo_2025
